-- phpMyAdmin SQL Dump
-- version 5.2.1
-- https://www.phpmyadmin.net/
--
-- Servidor: 127.0.0.1
-- Tiempo de generación: 01-07-2025 a las 17:58:55
-- Versión del servidor: 10.4.32-MariaDB
-- Versión de PHP: 8.2.12

SET SQL_MODE = "NO_AUTO_VALUE_ON_ZERO";
START TRANSACTION;
SET time_zone = "+00:00";


/*!40101 SET @OLD_CHARACTER_SET_CLIENT=@@CHARACTER_SET_CLIENT */;
/*!40101 SET @OLD_CHARACTER_SET_RESULTS=@@CHARACTER_SET_RESULTS */;
/*!40101 SET @OLD_COLLATION_CONNECTION=@@COLLATION_CONNECTION */;
/*!40101 SET NAMES utf8mb4 */;

--
-- Base de datos: `db_radios`
--

-- --------------------------------------------------------

--
-- Estructura de tabla para la tabla `accesorios`
--

CREATE TABLE `accesorios` (
  `id_accesorios` int(11) NOT NULL,
  `fuente` varchar(50) DEFAULT NULL,
  `microfono` varchar(50) DEFAULT NULL,
  `cables` varchar(50) DEFAULT NULL,
  `base` varchar(50) DEFAULT NULL,
  `corneta` varchar(50) DEFAULT NULL,
  `bateria` varchar(50) DEFAULT NULL,
  `antena` varchar(50) DEFAULT NULL,
  `clip` varchar(50) DEFAULT NULL,
  `cargador` varchar(50) DEFAULT NULL,
  `obs` text DEFAULT NULL,
  `id_equipos` int(11) DEFAULT NULL
) ENGINE=InnoDB DEFAULT CHARSET=utf8mb4 COLLATE=utf8mb4_spanish_ci;

--
-- Volcado de datos para la tabla `accesorios`
--

INSERT INTO `accesorios` (`id_accesorios`, `fuente`, `microfono`, `cables`, `base`, `corneta`, `bateria`, `antena`, `clip`, `cargador`, `obs`, `id_equipos`) VALUES
(1, 'NO', 'SI', 'SI', 'NO', 'NO', 'no', 'SI', 'no', 'no', 'BASE', 1),
(2, 'SI', 'SI', 'SI', 'SI', 'SI', 'no', 'SI', 'no', 'no', 'BASE', 2),
(3, 'SI', 'SI', 'SI', 'SI', 'SI', 'no', 'SI', 'no', 'no', 'BASE', 3),
(4, 'SI', 'SI', 'SI', 'SI', 'SI', 'no', 'SI', 'no', 'no', 'BASE', 4),
(5, 'SI', 'SI', 'SI', 'SI', 'SI', 'no', 'SI', 'no', 'no', 'BASE', 5),
(6, 'SI', 'SI', 'SI', 'SI', 'SI', 'no', 'SI', 'no', 'no', 'BASE', 6),
(7, 'NO', 'SI', 'SI', 'SI', 'SI', 'no', 'SI', 'no', 'no', 'MOVIL', 7),
(8, 'NO', 'SI', 'SI', 'SI', 'SI', 'no', 'SI', 'no', 'no', 'MOVIL', 8),
(9, 'SI', 'SI', 'SI', 'SI', 'SI', 'no', 'SI', 'no', 'no', 'MOVIL', 9),
(10, 'NO', 'SI', 'SI', 'SI', 'SI', 'no', 'SI', 'no', 'no', 'MOVIL', 10),
(11, 'NO', 'SI', 'SI', 'SI', 'SI', 'no', 'SI', 'no', 'no', 'MOVIL', 11),
(12, 'NO', 'SI', 'SI', 'SI', 'SI', 'no', 'SI', 'no', 'no', 'MOVIL', 12),
(13, 'NO', 'SI', 'SI', 'SI', 'SI', 'no', 'SI', 'no', 'no', 'MOVIL', 13),
(14, 'NO', 'SI', 'SI', 'SI', 'SI', 'no', 'SI', 'no', 'no', 'MOVIL', 14),
(15, 'NO', 'SI', 'SI', 'SI', 'SI', 'no', 'SI', 'no', 'no', 'MOVIL', 15),
(16, 'NO', 'SI', 'SI', 'SI', 'SI', 'no', 'SI', 'no', 'no', 'MOVIL', 16),
(17, 'NO', 'SI', 'SI', 'SI', 'SI', 'no', 'SI', 'no', 'no', 'MOVIL', 17),
(18, 'NO', 'SI', 'SI', 'SI', 'SI', 'no', 'SI', 'no', 'no', 'MOVIL', 18),
(19, 'NO', 'SI', 'SI', 'SI', 'SI', 'no', 'SI', 'no', 'no', 'MOVIL', 19),
(20, 'NO', 'SI', 'SI', 'SI', 'SI', 'no', 'SI', 'no', 'no', 'MOVIL', 20),
(21, 'NO', 'SI', 'SI', 'SI', 'SI', 'no', 'SI', 'no', 'no', 'MOVIL', 21),
(22, 'NO', 'SI', 'SI', 'SI', 'SI', 'no', 'SI', 'no', 'no', 'MOVIL', 22),
(23, 'NO', 'SI', 'SI', 'SI', 'SI', 'no', 'SI', 'no', 'no', 'MOVIL', 23),
(24, 'NO', 'SI', 'SI', 'SI', 'SI', 'no', 'SI', 'no', 'no', 'MOVIL', 24),
(25, 'NO', 'SI', 'SI', 'SI', 'SI', 'no', 'SI', 'no', 'no', 'MOVIL', 25),
(26, 'NO', 'SI', 'SI', 'SI', 'SI', 'no', 'SI', 'no', 'no', 'MOVIL', 26),
(27, 'NO', 'SI', 'SI', 'SI', 'SI', 'no', 'SI', 'no', 'no', 'MOVIL', 27),
(28, 'NO', 'SI', 'SI', 'SI', 'SI', 'no', 'SI', 'no', 'no', 'MOVIL', 28),
(29, 'NO', 'SI', 'SI', 'SI', 'SI', 'no', 'SI', 'no', 'no', 'MOVIL', 29),
(30, 'NO', 'SI', 'SI', 'SI', 'SI', 'no', 'SI', 'no', 'no', 'MOVIL', 30),
(31, 'NO', 'SI', 'SI', 'SI', 'SI', 'no', 'SI', 'no', 'no', 'MOVIL', 31),
(32, 'NO', 'SI', 'SI', 'SI', 'SI', 'no', 'SI', 'no', 'no', 'MOVIL', 32),
(33, 'NO', 'SI', 'SI', 'SI', 'SI', 'no', 'SI', 'no', 'no', 'MOVIL', 33),
(34, 'NO', 'SI', 'SI', 'SI', 'SI', 'no', 'SI', 'no', 'no', 'MOVIL', 34),
(35, 'NO', 'SI', 'SI', 'SI', 'SI', 'no', 'SI', 'no', 'no', 'MOVIL', 35),
(36, 'NO', 'SI', 'SI', 'SI', 'SI', 'no', 'SI', 'no', 'no', 'MOVIL', 36),
(37, 'NO', 'SI', 'SI', 'SI', 'SI', 'no', 'SI', 'no', 'no', 'MOVIL', 37),
(38, 'NO', 'SI', 'SI', 'SI', 'SI', 'no', 'SI', 'no', 'no', 'MOVIL', 38),
(39, 'NO', 'SI', 'SI', 'SI', 'SI', 'no', 'SI', 'no', 'no', 'MOVIL', 39),
(40, 'NO', 'SI', 'SI', 'SI', 'SI', 'no', 'SI', 'no', 'no', 'MOVIL', 40),
(41, 'SI', 'SI', 'SI', 'SI', 'SI', 'no', 'SI', 'no', 'no', 'BASE', 41),
(42, 'SI', 'SI', 'SI', 'SI', 'SI', 'no', 'SI', 'no', 'no', 'BASE', 42),
(43, 'NO', 'SI', 'SI', 'SI', 'SI', 'no', 'SI', 'no', 'no', 'MOVIL', 43),
(44, 'NO', 'SI', 'SI', 'SI', 'SI', 'no', 'SI', 'no', 'no', 'MOVIL', 44),
(45, 'SI', 'SI', 'SI', 'SI', 'SI', 'no', 'SI', 'no', 'no', 'MOVIL', 45),
(46, 'NO', 'SI', 'SI', 'SI', 'SI', 'no', 'SI', 'no', 'no', 'MOVIL', 46),
(47, 'NO', 'SI', 'SI', 'SI', 'SI', 'no', 'SI', 'no', 'no', 'MOVIL', 47),
(48, 'NO', 'SI', 'SI', 'SI', 'SI', 'no', 'SI', 'no', 'no', 'BASE', 48),
(49, 'NO', 'SI', 'SI', 'SI', 'SI', 'no', 'SI', 'no', 'no', 'MOVIL', 49),
(50, 'NO', 'SI', 'SI', 'SI', 'SI', 'no', 'SI', 'no', 'no', 'MOVIL', 50),
(51, 'NO', 'SI', 'SI', 'SI', 'SI', 'no', 'SI', 'no', 'no', 'MOVIL', 51),
(52, 'NO', 'SI', 'NO', 'NO', 'NO', 'no', 'NO', 'no', 'no', 'MOVIL', 52),
(53, 'NO', 'SI', 'NO', 'NO', 'NO', 'no', 'NO', 'no', 'no', 'MOVIL', 53),
(54, 'NO', 'SI', 'NO', 'NO', 'NO', 'no', 'NO', 'no', 'no', 'MOVIL', 54),
(55, 'NO', 'SI', 'NO', 'NO', 'NO', 'no', 'NO', 'no', 'no', 'MOVIL', 55),
(56, 'NO', 'SI', 'NO', 'NO', 'NO', 'no', 'NO', 'no', 'no', 'MOVIL', 56),
(57, 'SI', 'SI', 'SI', 'SI', 'SI', 'no', 'SI', 'no', 'no', 'MOVIL', 57),
(58, 'SI', 'SI', 'SI', 'SI', 'SI', 'no', 'NO', 'no', 'no', 'BASE', 58),
(59, 'NO', 'SI', 'SI', 'SI', 'SI', 'no', 'SI', 'no', 'no', 'MOVIL', 59),
(60, 'NO', 'SI', 'NO', 'SI', 'SI', 'no', 'SI', 'no', 'no', 'MOVIL', 60),
(61, 'NO', 'SI', 'NO', 'SI', 'SI', 'no', 'SI', 'no', 'no', 'MOVIL', 61),
(62, 'NO', 'NO', 'NO', 'NO', 'NO', 'SI', 'SI', 'SI', 'No', NULL, 62),
(63, 'NO', 'NO', 'NO', 'NO', 'NO', 'SI', 'SI', 'SI', 'No', NULL, 63),
(64, 'NO', 'NO', 'NO', 'NO', 'NO', 'SI', 'SI', 'SI', 'No', NULL, 64),
(65, 'NO', 'NO', 'NO', 'NO', 'NO', 'SI', 'SI', 'SI', 'No', NULL, 65),
(66, 'NO', 'NO', 'NO', 'NO', 'NO', 'SI', 'SI', 'SI', 'No', NULL, 66),
(67, 'NO', 'NO', 'NO', 'NO', 'NO', 'SI', 'SI', 'SI', 'NO', NULL, 67),
(68, 'NO', 'NO', 'NO', 'NO', 'NO', 'SI', 'SI', 'SI', 'NO', NULL, 68),
(69, 'NO', 'NO', 'NO', 'NO', 'NO', 'SI', 'SI', 'SI', 'NO', NULL, 69),
(70, 'NO', 'NO', 'NO', 'NO', 'NO', 'SI', 'SI', 'SI', 'NO', NULL, 70),
(71, 'NO', 'NO', 'NO', 'NO', 'NO', 'SI', 'SI', 'SI', 'NO', NULL, 71),
(72, 'NO', 'NO', 'NO', 'NO', 'NO', 'SI', 'SI', 'SI', 'NO', NULL, 72),
(73, 'NO', 'NO', 'NO', 'NO', 'NO', 'SI', 'SI', 'SI', 'NO', NULL, 73),
(74, 'NO', 'NO', 'NO', 'NO', 'NO', 'SI', 'SI', 'SI', 'NO', NULL, 74),
(75, 'NO', 'NO', 'NO', 'NO', 'NO', 'SI', 'SI', 'SI', 'NO', NULL, 75),
(76, 'NO', 'NO', 'NO', 'NO', 'NO', 'SI', 'SI', 'SI', 'SI', NULL, 76),
(77, 'NO', 'NO', 'NO', 'NO', 'NO', 'SI', 'SI', 'SI', 'SI', NULL, 77),
(78, 'NO', 'NO', 'NO', 'NO', 'NO', 'SI', 'SI', 'SI', 'NO', NULL, 78),
(79, 'NO', 'NO', 'NO', 'NO', 'NO', 'SI', 'SI', 'SI', 'SI', NULL, 79),
(80, 'NO', 'NO', 'NO', 'NO', 'NO', 'SI', 'SI', 'SI', 'NO', NULL, 80),
(81, 'NO', 'NO', 'NO', 'NO', 'NO', 'SI', 'SI', 'SI', 'NO', NULL, 81),
(82, 'NO', 'NO', 'NO', 'NO', 'NO', 'SI', 'SI', 'SI', 'SI', NULL, 82),
(83, 'NO', 'NO', 'NO', 'NO', 'NO', 'SI', 'SI', 'SI', 'NO', NULL, 83),
(84, 'NO', 'NO', 'NO', 'NO', 'NO', 'SI', 'SI', 'SI', 'NO', NULL, 84),
(85, 'NO', 'NO', 'NO', 'NO', 'NO', 'SI', 'SI', 'SI', 'NO', NULL, 85),
(86, 'NO', 'NO', 'NO', 'NO', 'NO', 'SI', 'SI', 'SI', 'NO', NULL, 86),
(87, 'NO', 'NO', 'NO', 'NO', 'NO', 'SI', 'SI', 'SI', 'SI', NULL, 87),
(88, 'NO', 'NO', 'NO', 'NO', 'NO', 'SI', 'SI', 'SI', 'NO', NULL, 88),
(89, 'NO', 'NO', 'NO', 'NO', 'NO', 'SI', 'SI', 'SI', 'NO', NULL, 89),
(90, 'NO', 'NO', 'NO', 'NO', 'NO', 'SI', 'SI', 'SI', 'SI', NULL, 90),
(91, 'NO', 'NO', 'NO', 'NO', 'NO', 'SI', 'SI', 'SI', 'NO', NULL, 91),
(92, 'NO', 'NO', 'NO', 'NO', 'NO', 'SI', 'SI', 'SI', 'NO', NULL, 92),
(93, 'NO', 'NO', 'NO', 'NO', 'NO', 'SI', 'SI', 'SI', '?', NULL, 93),
(94, 'NO', 'NO', 'NO', 'NO', 'NO', 'SI', 'SI', 'SI', '?', NULL, 94),
(95, 'NO', 'NO', 'NO', 'NO', 'NO', 'SI', 'SI', 'SI', '?', NULL, 95),
(96, 'NO', 'NO', 'NO', 'NO', 'NO', 'SI', 'SI', 'SI', 'NO', NULL, 96),
(97, 'NO', 'NO', 'NO', 'NO', 'NO', 'SI', 'SI', 'SI', '?', NULL, 97),
(98, 'NO', 'NO', 'NO', 'NO', 'NO', 'SI', 'SI', 'SI', '?', NULL, 98),
(99, 'NO', 'NO', 'NO', 'NO', 'NO', 'SI', 'SI', 'SI', '?', NULL, 99),
(100, 'NO', 'NO', 'NO', 'NO', 'NO', 'SI', 'SI', 'SI', 'NO', NULL, 100),
(101, 'NO', 'NO', 'NO', 'NO', 'NO', 'SI', 'SI', 'SI', 'NO', NULL, 101),
(102, 'NO', 'NO', 'NO', 'NO', 'NO', 'SI', 'SI', 'SI', 'NO', NULL, 102),
(103, 'NO', 'NO', 'NO', 'NO', 'NO', 'SI', 'SI', 'SI', 'NO', NULL, 103),
(104, 'NO', 'NO', 'NO', 'NO', 'NO', 'SI', 'SI', 'SI', 'NO', NULL, 104),
(105, 'NO', 'NO', 'NO', 'NO', 'NO', 'SI', 'SI', 'SI', 'NO', NULL, 105),
(106, 'NO', 'NO', 'NO', 'NO', 'NO', 'SI', 'SI', 'SI', 'NO', NULL, 106),
(107, 'NO', 'NO', 'NO', 'NO', 'NO', 'SI', 'SI', 'SI', 'NO', NULL, 107),
(108, 'NO', 'NO', 'NO', 'NO', 'NO', 'SI', 'SI', 'SI', 'NO', NULL, 108),
(109, 'NO', 'NO', 'NO', 'NO', 'NO', 'SI', 'SI', 'SI', 'NO', NULL, 109),
(110, 'NO', 'NO', 'NO', 'NO', 'NO', 'SI', 'SI', 'SI', 'NO', NULL, 110),
(111, 'NO', 'NO', 'NO', 'NO', 'NO', 'SI', 'SI', 'SI', 'NO', NULL, 111),
(112, 'NO', 'NO', 'NO', 'NO', 'NO', 'SI', 'SI', 'SI', 'NO', NULL, 112),
(113, 'NO', 'NO', 'NO', 'NO', 'NO', 'SI', 'SI', 'SI', 'NO', NULL, 113),
(114, 'NO', 'NO', 'NO', 'NO', 'NO', 'SI', 'SI', 'SI', 'NO', NULL, 114),
(115, 'NO', 'NO', 'NO', 'NO', 'NO', 'SI', 'SI', 'SI', 'NO', NULL, 115),
(116, 'NO', 'NO', 'NO', 'NO', 'NO', 'SI', 'SI', 'SI', 'NO', NULL, 116),
(117, 'NO', 'NO', 'NO', 'NO', 'NO', 'SI', 'SI', 'SI', 'NO', NULL, 117),
(118, 'NO', 'NO', 'NO', 'NO', 'NO', 'SI', 'SI', 'SI', 'NO', NULL, 118),
(119, 'NO', 'NO', 'NO', 'NO', 'NO', 'SI', 'SI', 'SI', 'NO', NULL, 119),
(120, 'NO', 'NO', 'NO', 'NO', 'NO', 'SI', 'SI', 'SI', 'NO', NULL, 120),
(121, 'NO', 'NO', 'NO', 'NO', 'NO', 'SI', 'SI', 'SI', 'NO', NULL, 121),
(122, 'NO', 'NO', 'NO', 'NO', 'NO', 'SI', 'SI', 'SI', 'NO', NULL, 122),
(123, 'NO', 'NO', 'NO', 'NO', 'NO', 'SI', 'SI', 'SI', 'NO', NULL, 123),
(124, 'NO', 'NO', 'NO', 'NO', 'NO', 'SI', 'SI', 'SI', 'NO', NULL, 124),
(125, 'NO', 'NO', 'NO', 'NO', 'NO', 'SI', 'SI', 'SI', 'NO', NULL, 125),
(126, 'NO', 'NO', 'NO', 'NO', 'NO', 'SI', 'SI', 'SI', 'NO', NULL, 126),
(127, 'NO', 'NO', 'NO', 'NO', 'NO', 'SI', 'SI', 'SI', 'NO', NULL, 127),
(128, 'NO', 'NO', 'NO', 'NO', 'NO', 'SI', 'SI', 'SI', 'NO', NULL, 128),
(129, 'NO', 'NO', 'NO', 'NO', 'NO', 'SI', 'SI', 'SI', 'NO', NULL, 129),
(130, 'NO', 'NO', 'NO', 'NO', 'NO', 'SI', 'SI', 'SI', 'NO', NULL, 130),
(131, 'NO', 'NO', 'NO', 'NO', 'NO', 'SI', 'SI', 'SI', 'NO', NULL, 131),
(132, 'NO', 'NO', 'NO', 'NO', 'NO', 'SI', 'SI', 'SI', 'NO', NULL, 132),
(133, 'NO', 'NO', 'NO', 'NO', 'NO', 'SI', 'SI', 'SI', 'NO', NULL, 133),
(134, 'NO', 'NO', 'NO', 'NO', 'NO', 'SI', 'SI', 'SI', 'NO', NULL, 134),
(135, 'NO', 'NO', 'NO', 'NO', 'NO', 'SI', 'SI', 'SI', 'NO', NULL, 135),
(136, 'NO', 'NO', 'NO', 'NO', 'NO', 'SI', 'SI', 'SI', 'NO', NULL, 136),
(137, 'NO', 'NO', 'NO', 'NO', 'NO', 'SI', 'SI', 'SI', 'NO', NULL, 137),
(138, 'NO', 'NO', 'NO', 'NO', 'NO', 'SI', 'SI', 'SI', 'NO', NULL, 138),
(139, 'NO', 'NO', 'NO', 'NO', 'NO', 'SI', 'SI', 'SI', 'NO', NULL, 139),
(140, 'NO', 'NO', 'NO', 'NO', 'NO', 'SI', 'SI', 'SI', 'NO', NULL, 140),
(141, 'NO', 'NO', 'NO', 'NO', 'NO', 'SI', 'SI', 'SI', 'NO', NULL, 141),
(142, 'NO', 'NO', 'NO', 'NO', 'NO', 'SI', 'SI', 'SI', 'NO', NULL, 142),
(143, 'NO', 'NO', 'NO', 'NO', 'NO', 'SI', 'SI', 'SI', 'NO', NULL, 143),
(144, 'NO', 'NO', 'NO', 'NO', 'NO', 'SI', 'SI', 'SI', 'NO', NULL, 144),
(145, 'NO', 'NO', 'NO', 'NO', 'NO', 'SI', 'SI', 'SI', 'NO', NULL, 145),
(146, 'NO', 'NO', 'NO', 'NO', 'NO', 'SI', 'SI', 'SI', 'NO', NULL, 146),
(147, 'NO', 'NO', 'NO', 'NO', 'NO', 'SI', 'SI', 'SI', 'NO', NULL, 147),
(148, 'NO', 'NO', 'NO', 'NO', 'NO', 'SI', 'SI', 'SI', 'NO', NULL, 148),
(149, 'NO', 'NO', 'NO', 'NO', 'NO', 'SI', 'SI', 'SI', 'NO', NULL, 149),
(150, 'NO', 'NO', 'NO', 'NO', 'NO', 'SI', 'SI', 'SI', 'NO', NULL, 150),
(151, 'NO', 'NO', 'NO', 'NO', 'NO', 'SI', 'SI', 'SI', 'NO', NULL, 151),
(152, 'NO', 'NO', 'NO', 'NO', 'NO', 'SI', 'SI', 'SI', 'NO', NULL, 152),
(153, 'NO', 'NO', 'NO', 'NO', 'NO', 'SI', 'SI', 'SI', 'NO', NULL, 153),
(154, 'NO', 'NO', 'NO', 'NO', 'NO', 'SI', 'SI', 'SI', 'NO', NULL, 154),
(155, 'NO', 'NO', 'NO', 'NO', 'NO', 'SI', 'SI', 'SI', 'NO', NULL, 155),
(156, 'NO', 'NO', 'NO', 'NO', 'NO', 'SI', 'SI', 'SI', 'NO', NULL, 156),
(157, 'NO', 'NO', 'NO', 'NO', 'NO', 'SI', 'SI', 'SI', 'NO', NULL, 157),
(158, 'NO', 'NO', 'NO', 'NO', 'NO', 'SI', 'SI', 'SI', 'NO', NULL, 158),
(159, 'NO', 'NO', 'NO', 'NO', 'NO', 'SI', 'SI', 'SI', 'NO', NULL, 159),
(160, 'NO', 'NO', 'NO', 'NO', 'NO', 'SI', 'SI', 'SI', 'NO', NULL, 160),
(161, 'NO', 'NO', 'NO', 'NO', 'NO', 'SI', 'SI', 'SI', 'NO', NULL, 161),
(162, 'NO', 'NO', 'NO', 'NO', 'NO', 'SI', 'SI', 'SI', 'NO', NULL, 162),
(163, 'NO', 'NO', 'NO', 'NO', 'NO', 'SI', 'SI', 'SI', 'NO', NULL, 163),
(164, 'NO', 'NO', 'NO', 'NO', 'NO', 'SI', 'SI', 'SI', 'NO', NULL, 164),
(165, 'NO', 'NO', 'NO', 'NO', 'NO', 'SI', 'SI', 'SI', 'NO', NULL, 165),
(166, 'NO', 'NO', 'NO', 'NO', 'NO', 'SI', 'SI', 'SI', 'NO', NULL, 166),
(167, 'NO', 'NO', 'NO', 'NO', 'NO', 'SI', 'SI', 'SI', 'NO', NULL, 167),
(168, 'NO', 'NO', 'NO', 'NO', 'NO', 'SI', 'SI', 'SI', 'NO', NULL, 168),
(169, 'NO', 'NO', 'NO', 'NO', 'NO', 'SI', 'SI', 'SI', 'NO', NULL, 169),
(170, 'NO', 'NO', 'NO', 'NO', 'NO', 'SI', 'SI', 'SI', 'NO', NULL, 170),
(171, 'NO', 'NO', 'NO', 'NO', 'NO', 'SI', 'SI', 'SI', 'NO', NULL, 171),
(172, 'NO', 'NO', 'NO', 'NO', 'NO', 'SI', 'SI', 'SI', 'NO', NULL, 172),
(173, 'NO', 'NO', 'NO', 'NO', 'NO', 'SI', 'SI', 'SI', 'NO', NULL, 173),
(174, 'NO', 'NO', 'NO', 'NO', 'NO', 'SI', 'SI', 'SI', 'NO', NULL, 174),
(175, 'NO', 'NO', 'NO', 'NO', 'NO', 'SI', 'SI', 'SI', 'NO', NULL, 175),
(176, 'NO', 'NO', 'NO', 'NO', 'NO', 'SI', 'SI', 'SI', 'NO', NULL, 176),
(177, 'NO', 'NO', 'NO', 'NO', 'NO', 'SI', 'SI', 'SI', 'NO', NULL, 177),
(178, 'NO', 'NO', 'NO', 'NO', 'NO', 'SI', 'SI', 'SI', 'NO', NULL, 178),
(179, 'NO', 'NO', 'NO', 'NO', 'NO', 'SI', 'SI', 'SI', 'NO', NULL, 179),
(180, 'NO', 'NO', 'NO', 'NO', 'NO', 'SI', 'SI', 'SI', 'NO', NULL, 180),
(181, 'NO', 'NO', 'NO', 'NO', 'NO', 'SI', 'SI', 'SI', 'NO', NULL, 181),
(182, 'NO', 'NO', 'NO', 'NO', 'NO', 'SI', 'SI', 'SI', 'NO', NULL, 182),
(183, 'NO', 'NO', 'NO', 'NO', 'NO', 'SI', 'SI', 'SI', 'NO', NULL, 183),
(184, 'NO', 'NO', 'NO', 'NO', 'NO', 'SI', 'SI', 'SI', 'NO', NULL, 184),
(185, 'NO', 'NO', 'NO', 'NO', 'NO', 'SI', 'SI', 'SI', 'NO', NULL, 185),
(186, 'NO', 'NO', 'NO', 'NO', 'NO', 'SI', 'SI', 'SI', 'NO', NULL, 186),
(187, 'NO', 'NO', 'NO', 'NO', 'NO', 'SI', 'SI', 'SI', 'NO', NULL, 187),
(188, 'NO', 'NO', 'NO', 'NO', 'NO', 'SI', 'SI', 'SI', 'NO', NULL, 188),
(189, 'NO', 'NO', 'NO', 'NO', 'NO', 'SI', 'SI', 'SI', 'NO', NULL, 189),
(190, 'NO', 'NO', 'NO', 'NO', 'NO', 'SI', 'SI', 'SI', 'NO', NULL, 190),
(191, 'NO', 'NO', 'NO', 'NO', 'NO', 'SI', 'SI', 'SI', 'NO', NULL, 191),
(192, 'NO', 'NO', 'NO', 'NO', 'NO', 'SI', 'SI', 'SI', 'NO', NULL, 192),
(193, 'NO', 'NO', 'NO', 'NO', 'NO', 'SI', 'SI', 'SI', 'NO', NULL, 193),
(194, 'NO', 'NO', 'NO', 'NO', 'NO', 'SI', 'SI', 'SI', 'NO', NULL, 194),
(195, 'NO', 'NO', 'NO', 'NO', 'NO', 'SI', 'SI', 'SI', 'NO', NULL, 195),
(196, 'NO', 'NO', 'NO', 'NO', 'NO', 'SI', 'SI', 'SI', 'NO', NULL, 196),
(197, 'NO', 'NO', 'NO', 'NO', 'NO', 'SI', 'SI', 'SI', 'NO', NULL, 197),
(198, 'NO', 'NO', 'NO', 'NO', 'NO', 'SI', 'SI', 'SI', 'NO', NULL, 198),
(199, 'NO', 'NO', 'NO', 'NO', 'NO', 'SI', 'SI', 'SI', 'NO', NULL, 199),
(200, 'NO', 'NO', 'NO', 'NO', 'NO', 'SI', 'SI', 'SI', 'NO', NULL, 200),
(201, 'NO', 'NO', 'NO', 'NO', 'NO', 'SI', 'SI', 'SI', 'NO', NULL, 201),
(202, 'NO', 'NO', 'NO', 'NO', 'NO', 'SI', 'SI', 'SI', 'NO', NULL, 202),
(203, 'NO', 'NO', 'NO', 'NO', 'NO', 'SI', 'SI', 'SI', 'NO', NULL, 203),
(204, 'NO', 'NO', 'NO', 'NO', 'NO', 'SI', 'SI', 'SI', 'NO', NULL, 204),
(205, 'NO', 'NO', 'NO', 'NO', 'NO', 'SI', 'SI', 'SI', 'NO', NULL, 205),
(206, 'NO', 'NO', 'NO', 'NO', 'NO', 'SI', 'SI', 'SI', 'NO', NULL, 206),
(207, 'NO', 'NO', 'NO', 'NO', 'NO', 'SI', 'SI', 'SI', 'NO', NULL, 207),
(208, 'NO', 'NO', 'NO', 'NO', 'NO', 'SI', 'SI', 'SI', 'NO', NULL, 208),
(209, 'NO', 'NO', 'NO', 'NO', 'NO', 'SI', 'SI', 'SI', 'NO', NULL, 209),
(210, 'NO', 'NO', 'NO', 'NO', 'NO', 'SI', 'SI', 'SI', 'NO', NULL, 210),
(211, 'NO', 'NO', 'NO', 'NO', 'NO', 'SI', 'SI', 'SI', 'NO', NULL, 211),
(212, 'NO', 'NO', 'NO', 'NO', 'NO', 'SI', 'SI', 'SI', 'NO', NULL, 212),
(213, 'NO', 'NO', 'NO', 'NO', 'NO', 'SI', 'SI', 'SI', 'NO', NULL, 213),
(214, 'NO', 'NO', 'NO', 'NO', 'NO', 'SI', 'SI', 'SI', 'NO', NULL, 214),
(215, 'NO', 'NO', 'NO', 'NO', 'NO', 'SI', 'SI', 'SI', 'NO', NULL, 215),
(216, 'NO', 'NO', 'NO', 'NO', 'NO', 'SI', 'SI', 'SI', 'NO', NULL, 216),
(217, 'NO', 'NO', 'NO', 'NO', 'NO', 'SI', 'SI', 'SI', 'NO', NULL, 217),
(218, 'NO', 'NO', 'NO', 'NO', 'NO', 'SI', 'SI', 'SI', 'NO', NULL, 218),
(219, 'NO', 'NO', 'NO', 'NO', 'NO', 'SI', 'SI', 'SI', 'NO', NULL, 219),
(220, 'NO', 'NO', 'NO', 'NO', 'NO', 'SI', 'SI', 'SI', 'NO', NULL, 220),
(221, 'NO', 'NO', 'NO', 'NO', 'NO', 'SI', 'SI', 'SI', 'NO', NULL, 221),
(222, 'NO', 'NO', 'NO', 'NO', 'NO', 'SI', 'SI', 'SI', 'NO', NULL, 222),
(223, 'NO', 'NO', 'NO', 'NO', 'NO', 'SI', 'SI', 'SI', 'NO', NULL, 223),
(224, 'NO', 'NO', 'NO', 'NO', 'NO', 'SI', 'SI', 'SI', 'NO', NULL, 224),
(225, 'NO', 'NO', 'NO', 'NO', 'NO', 'SI', 'SI', 'SI', 'NO', NULL, 225),
(226, 'NO', 'NO', 'NO', 'NO', 'NO', 'SI', 'SI', 'SI', 'NO', NULL, 226),
(227, 'NO', 'NO', 'NO', 'NO', 'NO', 'SI', 'SI', 'SI', 'NO', NULL, 227),
(228, 'NO', 'NO', 'NO', 'NO', 'NO', 'SI', 'SI', 'SI', 'NO', NULL, 228),
(229, 'NO', 'NO', 'NO', 'NO', 'NO', 'SI', 'SI', 'SI', 'NO', NULL, 229),
(230, 'NO', 'NO', 'NO', 'NO', 'NO', 'SI', 'SI', 'SI', 'NO', NULL, 230),
(231, 'NO', 'NO', 'NO', 'NO', 'NO', 'SI', 'SI', 'SI', 'NO', NULL, 231),
(232, 'NO', 'NO', 'NO', 'NO', 'NO', 'SI', 'SI', 'SI', 'NO', NULL, 232),
(233, 'NO', 'NO', 'NO', 'NO', 'NO', 'SI', 'SI', 'SI', 'NO', NULL, 233),
(234, 'NO', 'NO', 'NO', 'NO', 'NO', 'SI', 'SI', 'SI', 'NO', NULL, 234),
(235, 'NO', 'NO', 'NO', 'NO', 'NO', 'SI', 'SI', 'SI', 'NO', NULL, 235),
(236, 'NO', 'NO', 'NO', 'NO', 'NO', 'SI', 'SI', 'SI', 'NO', NULL, 236),
(237, 'NO', 'NO', 'NO', 'NO', 'NO', 'SI', 'SI', 'SI', 'NO', NULL, 237),
(238, 'NO', 'NO', 'NO', 'NO', 'NO', 'SI', 'SI', 'SI', 'NO', NULL, 238),
(239, 'NO', 'NO', 'NO', 'NO', 'NO', 'SI', 'SI', 'SI', 'NO', NULL, 239),
(240, 'NO', 'NO', 'NO', 'NO', 'NO', 'SI', 'SI', 'SI', 'NO', NULL, 240),
(241, 'NO', 'NO', 'NO', 'NO', 'NO', 'SI', 'SI', 'SI', 'NO', NULL, 241),
(242, 'NO', 'NO', 'NO', 'NO', 'NO', 'SI', 'SI', 'SI', 'NO', NULL, 242),
(243, 'NO', 'NO', 'NO', 'NO', 'NO', 'SI', 'SI', 'SI', 'NO', NULL, 243),
(244, 'NO', 'NO', 'NO', 'NO', 'NO', 'SI', 'SI', 'SI', 'NO', NULL, 244),
(245, 'NO', 'NO', 'NO', 'NO', 'NO', 'SI', 'SI', 'SI', 'NO', NULL, 245),
(246, 'NO', 'NO', 'NO', 'NO', 'NO', 'SI', 'SI', 'SI', 'NO', NULL, 246),
(247, 'NO', 'NO', 'NO', 'NO', 'NO', 'SI', 'SI', 'SI', 'NO', NULL, 247),
(248, 'NO', 'NO', 'NO', 'NO', 'NO', 'SI', 'SI', 'SI', 'NO', NULL, 248),
(249, 'NO', 'NO', 'NO', 'NO', 'NO', 'SI', 'SI', 'SI', 'NO', NULL, 249),
(250, 'NO', 'NO', 'NO', 'NO', 'NO', 'SI', 'SI', 'SI', 'NO', NULL, 250),
(251, 'NO', 'NO', 'NO', 'NO', 'NO', 'SI', 'SI', 'SI', 'NO', NULL, 251),
(252, 'NO', 'NO', 'NO', 'NO', 'NO', 'SI', 'SI', 'SI', 'NO', NULL, 252),
(253, 'NO', 'NO', 'NO', 'NO', 'NO', 'SI', 'SI', 'SI', 'NO', NULL, 253),
(254, 'NO', 'NO', 'NO', 'NO', 'NO', 'SI', 'SI', 'SI', 'NO', NULL, 254),
(255, 'NO', 'NO', 'NO', 'NO', 'NO', 'SI', 'SI', 'SI', 'NO', NULL, 255),
(256, 'NO', 'NO', 'NO', 'NO', 'NO', 'SI', 'SI', 'SI', 'SI', NULL, 256),
(257, 'NO', 'NO', 'NO', 'NO', 'NO', 'SI', 'SI', 'SI', 'NO', NULL, 257),
(258, 'NO', 'NO', 'NO', 'NO', 'NO', 'SI', 'SI', 'SI', 'SI', NULL, 258),
(259, 'NO', 'NO', 'NO', 'NO', 'NO', 'SI', 'SI', 'SI', 'SI', NULL, 259),
(260, 'NO', 'NO', 'NO', 'NO', 'NO', 'SI', 'SI', 'SI', 'SI', NULL, 260),
(261, 'NO', 'NO', 'NO', 'NO', 'NO', 'SI', 'SI', 'SI', 'SI', NULL, 261),
(262, 'NO', 'NO', 'NO', 'NO', 'NO', 'SI', 'SI', 'SI', 'SI', NULL, 262),
(263, 'NO', 'NO', 'NO', 'NO', 'NO', 'SI ', 'SI', 'SI', 'NO', NULL, 263),
(264, 'NO', 'NO', 'NO', 'NO', 'NO', 'SI', 'SI', 'SI', 'SI', NULL, 264),
(265, 'NO', 'NO', 'NO', 'NO', 'NO', 'SI', 'SI', 'SI', 'SI', NULL, 265),
(266, 'NO', 'NO', 'NO', 'NO', 'NO', 'SI', 'SI', 'SI', 'SI', NULL, 266),
(267, 'NO', 'NO', 'NO', 'NO', 'NO', 'SI', 'SI', 'SI', 'SI', NULL, 267),
(268, 'NO', 'NO', 'NO', 'NO', 'NO', 'SI', 'SI', 'SI', 'SI', NULL, 268),
(269, 'NO', 'NO', 'NO', 'NO', 'NO', 'SI', 'SI', 'SI', 'SI', NULL, 269),
(270, 'NO', 'NO', 'NO', 'NO', 'NO', 'SI', 'SI', 'SI', 'SI', NULL, 270),
(271, 'NO', 'NO', 'NO', 'NO', 'NO', 'SI', 'SI', 'SI', 'SI', NULL, 271),
(272, 'NO', 'NO', 'NO', 'NO', 'NO', 'SI', 'SI', 'SI', 'SI', NULL, 272),
(273, 'NO', 'NO', 'NO', 'NO', 'NO', 'SI', 'SI', 'SI', 'SI', NULL, 273),
(274, 'NO', 'NO', 'NO', 'NO', 'NO', 'SI', 'SI', 'SI', 'SI', NULL, 274),
(275, 'NO', 'NO', 'NO', 'NO', 'NO', 'SI', 'SI', 'SI', 'SI', NULL, 275),
(276, 'NO', 'NO', 'NO', 'NO', 'NO', 'SI ', 'SI', 'SI', 'SI', NULL, 276),
(277, 'NO', 'NO', 'NO', 'NO', 'NO', 'SI', 'SI', 'SI', 'SI', NULL, 277),
(278, 'NO', 'NO', 'NO', 'NO', 'NO', 'SI', 'SI', 'SI', 'SI', NULL, 278),
(279, 'NO', 'NO', 'NO', 'NO', 'NO', 'SI', 'SI', 'SI', 'SI', NULL, 279),
(280, 'NO', 'NO', 'NO', 'NO', 'NO', 'SI', 'SI', 'SI', 'SI', NULL, 280),
(281, 'NO', 'NO', 'NO', 'NO', 'NO', 'SI', 'SI', 'SI', 'SI', NULL, 281),
(282, 'NO', 'NO', 'NO', 'NO', 'NO', 'SI', 'SI', 'SI', 'SI', NULL, 282),
(283, 'NO', 'NO', 'NO', 'NO', 'NO', 'SI', 'SI', 'SI', 'SI', NULL, 283),
(284, 'NO', 'NO', 'NO', 'NO', 'NO', 'SI', 'SI', 'SI', 'SI', NULL, 284),
(285, 'NO', 'NO', 'NO', 'NO', 'NO', 'SI', 'SI', 'SI', 'SI', NULL, 285),
(286, 'NO', 'NO', 'NO', 'NO', 'NO', 'SI', 'SI', 'SI', 'SI', NULL, 286),
(287, 'NO', 'NO', 'NO', 'NO', 'NO', 'SI', 'SI', 'SI', 'SI', NULL, 287),
(288, 'NO', 'NO', 'NO', 'NO', 'NO', 'SI', 'SI', 'SI', 'SI', NULL, 288),
(289, 'NO', 'NO', 'NO', 'NO', 'NO', 'SI', 'SI', 'SI', 'SI', NULL, 289),
(290, 'NO', 'NO', 'NO', 'NO', 'NO', 'SI', 'SI', 'SI', 'SI', NULL, 290),
(291, 'NO', 'NO', 'NO', 'NO', 'NO', 'SI', 'SI', 'SI', 'SI', NULL, 291),
(292, 'NO', 'NO', 'NO', 'NO', 'NO', 'SI', 'SI', 'SI', 'SI', NULL, 292),
(293, 'NO', 'NO', 'NO', 'NO', 'NO', 'SI', 'SI', 'SI', 'SI', NULL, 293),
(294, 'NO', 'NO', 'NO', 'NO', 'NO', 'SI', 'SI', 'SI', 'SI', NULL, 294),
(295, 'NO', 'NO', 'NO', 'NO', 'NO', 'SI', 'SI', 'SI', 'SI', NULL, 295),
(296, 'NO', 'NO', 'NO', 'NO', 'NO', 'SI', 'SI', 'SI', 'SI', NULL, 296),
(297, 'NO', 'NO', 'NO', 'NO', 'NO', 'SI', 'SI', 'SI', 'SI', NULL, 297),
(298, 'NO', 'NO', 'NO', 'NO', 'NO', 'SI', 'SI', 'SI', 'SI', NULL, 298),
(299, 'NO', 'NO', 'NO', 'NO', 'NO', 'SI', 'SI', 'SI', 'SI', NULL, 299),
(300, 'NO', 'NO', 'NO', 'NO', 'NO', 'SI', 'SI', 'SI', 'SI', NULL, 300),
(301, 'NO', 'NO', 'NO', 'NO', 'NO', 'SI', 'SI', 'SI', 'SI', NULL, 301),
(302, 'NO', 'NO', 'NO', 'NO', 'NO', 'SI', 'SI', 'SI', 'SI', NULL, 302),
(303, 'NO', 'NO', 'NO', 'NO', 'NO', 'SI', 'SI', 'SI', 'SI', NULL, 303),
(304, 'NO', 'NO', 'NO', 'NO', 'NO', 'SI', 'SI', 'SI', 'SI', NULL, 304),
(305, 'NO', 'NO', 'NO', 'NO', 'NO', 'SI', 'SI', 'SI', 'SI', NULL, 305),
(306, 'NO', 'NO', 'NO', 'NO', 'NO', 'SI', 'SI', 'SI', 'SI', NULL, 306),
(307, 'NO', 'NO', 'NO', 'NO', 'NO', 'SI', 'SI', 'SI', 'SI', NULL, 307),
(308, 'NO', 'NO', 'NO', 'NO', 'NO', 'SI', 'SI', 'SI', 'SI', NULL, 308),
(309, 'NO', 'NO', 'NO', 'NO', 'NO', 'SI', 'SI', 'SI', 'SI', NULL, 309),
(310, 'NO', 'NO', 'NO', 'NO', 'NO', 'SI', 'SI', 'SI', 'SI', NULL, 310),
(311, 'NO', 'NO', 'NO', 'NO', 'NO', 'SI', 'SI', 'SI', 'SI', NULL, 311),
(312, 'NO', 'NO', 'NO', 'NO', 'NO', 'SI', 'SI', 'SI', 'SI', NULL, 312),
(313, 'NO', 'NO', 'NO', 'NO', 'NO', 'SI', 'SI', 'SI', 'SI', NULL, 313),
(314, 'NO', 'NO', 'NO', 'NO', 'NO', 'SI', 'SI', 'SI', 'SI', NULL, 314),
(315, 'NO', 'NO', 'NO', 'NO', 'NO', 'SI', 'SI', 'SI', 'SI', NULL, 315),
(316, 'NO', 'NO', 'NO', 'NO', 'NO', 'SI', 'SI', 'SI', 'SI', NULL, 316),
(317, 'NO', 'NO', 'NO', 'NO', 'NO', 'SI', 'SI', 'SI', 'SI', NULL, 317),
(318, 'NO', 'NO', 'NO', 'NO', 'NO', 'SI', 'SI', 'SI', 'SI', NULL, 318),
(319, 'NO', 'NO', 'NO', 'NO', 'NO', 'SI', 'SI', 'SI', 'SI', NULL, 319),
(320, 'NO', 'NO', 'NO', 'NO', 'NO', 'SI', 'SI', 'SI', 'NO', NULL, 320),
(321, 'NO', 'NO', 'NO', 'NO', 'NO', 'SI', 'SI', 'SI', 'NO', NULL, 321),
(322, 'NO', 'NO', 'NO', 'NO', 'NO', 'SI', 'SI', 'SI', 'NO', NULL, 322),
(323, 'NO', 'NO', 'NO', 'NO', 'NO', 'SI', 'SI', 'SI', 'NO', NULL, 323),
(324, 'NO', 'NO', 'NO', 'NO', 'NO', 'SI', 'SI', 'SI', 'NO', NULL, 324),
(325, 'NO', 'NO', 'NO', 'NO', 'NO', 'SI', 'SI', 'SI', 'NO', NULL, 325),
(326, 'NO', 'NO', 'NO', 'NO', 'NO', 'SI', 'SI', 'SI', 'NO', NULL, 326),
(327, 'NO', 'NO', 'NO', 'NO', 'NO', 'SI', 'SI', 'SI', 'NO', NULL, 327),
(328, 'NO', 'NO', 'NO', 'NO', 'NO', 'SI', 'SI', 'SI', 'NO', NULL, 328),
(329, 'NO', 'NO', 'NO', 'NO', 'NO', 'SI', 'SI', 'SI', 'NO', NULL, 329),
(330, 'NO', 'NO', 'NO', 'NO', 'NO', 'SI', 'SI', 'SI', 'NO', NULL, 330),
(331, 'NO', 'NO', 'NO', 'NO', 'NO', 'SI', 'SI', 'SI', 'NO', NULL, 331),
(332, 'NO', 'NO', 'NO', 'NO', 'NO', 'SI', 'SI', 'SI', 'NO', NULL, 332),
(333, 'NO', 'NO', 'NO', 'NO', 'NO', 'SI', 'SI', 'SI', 'NO', NULL, 333),
(334, 'NO', 'NO', 'NO', 'NO', 'NO', 'S', 'SI', 'SI', 'NO', NULL, 334),
(335, 'NO', 'NO', 'NO', 'NO', 'NO', 'S', 'SI', 'SI', 'NO', NULL, 335),
(336, 'NO', 'NO', 'NO', 'NO', 'NO', 'SI', 'SI', 'SI', 'SI', NULL, 336),
(337, 'NO', 'NO', 'NO', 'NO', 'NO', 'SI', 'SI', 'SI', 'SI', NULL, 337),
(338, 'NO', 'NO', 'NO', 'NO', 'NO', 'S', 'SI', 'SI', 'SI', NULL, 338),
(339, 'NO', 'NO', 'NO', 'NO', 'NO', 'S', 'SI', 'SI', 'SI', NULL, 339),
(340, 'NO', 'NO', 'NO', 'NO', 'NO', 'S', 'SI', 'SI', 'SI', NULL, 340),
(341, 'NO', 'NO', 'NO', 'NO', 'NO', 'S', 'SI', 'SI', 'SI', NULL, 341),
(342, 'NO', 'NO', 'NO', 'NO', 'NO', 'SI', 'SI', 'SI', 'SI', NULL, 342),
(343, 'NO', 'NO', 'NO', 'NO', 'NO', 'SI', 'SI', 'SI', 'SI', NULL, 343),
(344, 'NO', 'NO', 'NO', 'NO', 'NO', 'SI', 'SI', 'SI', 'SI', NULL, 344),
(345, 'NO', 'NO', 'NO', 'NO', 'NO', 'SI', 'SI', 'SI', 'SI', NULL, 345),
(346, 'NO', 'NO', 'NO', 'NO', 'NO', 'SI', 'SI', 'SI', 'NO', NULL, 346),
(347, 'NO', 'NO', 'NO', 'NO', 'NO', 'SI', 'SI', 'SI', 'NO', NULL, 347),
(348, 'NO', 'NO', 'NO', 'NO', 'NO', 'SI', 'SI', 'SI', 'NO', NULL, 348),
(349, 'NO', 'NO', 'NO', 'NO', 'NO', 'SI', 'SI', 'SI', 'NO', NULL, 349);

-- --------------------------------------------------------

--
-- Estructura de tabla para la tabla `equipos`
--

CREATE TABLE `equipos` (
  `id_equipos` int(11) NOT NULL,
  `modelo` varchar(100) DEFAULT NULL,
  `serial` varchar(100) DEFAULT NULL,
  `ident` varchar(100) DEFAULT NULL,
  `tei` varchar(100) DEFAULT NULL,
  `user` varchar(100) DEFAULT NULL,
  `categoria` varchar(100) DEFAULT NULL,
  `tipo` varchar(100) DEFAULT NULL,
  `n_bien` varchar(100) DEFAULT NULL,
  `estado` varchar(100) DEFAULT NULL,
  `asignado` varchar(20) DEFAULT NULL
) ENGINE=InnoDB DEFAULT CHARSET=utf8mb4 COLLATE=utf8mb4_spanish_ci;

--
-- Volcado de datos para la tabla `equipos`
--

INSERT INTO `equipos` (`id_equipos`, `modelo`, `serial`, `ident`, `tei`, `user`, `categoria`, `tipo`, `n_bien`, `estado`, `asignado`) VALUES
(1, 'MTM5400', '938TPA0394', '202488', '000148230346960 ', 'COM/ACACIAS', 'RADIO', 'BASE', 'B171:00926', 'NUEVO', '9673497'),
(2, 'MTM5400', '938TPA1360', '202481', '000148230357040', '911/DESP/1', 'RADIO', 'MOVIL', 'B171:02630 ', 'NUEVO', '15489580'),
(3, 'MTM5400', '938TPA0256', '202412', '000148230345580', '911/DESP/2', 'RADIO', 'MOVIL', 'B171:00904', 'NUEVO', '15489580'),
(4, 'MTM5400', '938TPA1858', '43205787', '000148230362020', '911/DESP/3', 'RADIO', 'MOVIL', 'B171:01001', 'NUEVO', '15489580'),
(5, 'MTM5400', '938ΤΡΑ1004', '4320198', '000148230353420', '911/DESP/4', 'RADIO', 'MOVIL', 'B171:00957', 'NUEVO', '15489580'),
(6, 'MTM5400', '938ΤΡΑ1462', '4314063', '000148230358060', '911/DESP/5', 'RADIO', 'MOVIL', 'B171:02613', 'NUEVO', '15489580'),
(7, 'MTM5400', '938TPA0267', '202487', '000148230345690 ', '911/MOVIL/1', 'RADIO', 'MOVIL', 'B171:00910', 'NUEVO', '15489580'),
(8, 'MTM5400', '938TPA0877', '2024134', '000148230352150', 'PBA-42264D', 'RADIO', 'PORTATIL', NULL, 'USADO', '12566755'),
(9, 'MTM5400', '938TPA0970', '2024130', '000148230353080', 'CCP CENTRO', 'RADIO', 'PORTATIL', NULL, 'USADO', '12566755'),
(10, 'MTM5400', '938TPA1445', '2024135', '000148230357890', 'PBA-42273-D', 'RADIO', 'PORTATIL', NULL, 'USADO', '12566755'),
(11, 'MTM5400', '938TPA1940', '2024121', '000148230362840', 'PBA-42287D', 'RADIO', 'MOVIL', 'B171:01014', 'NUEVO', '9666426'),
(12, 'MTM5400', '938TPA0274', '2024129', '000148230345760', 'PBA-42060D', 'RADIO', 'PORTATIL', NULL, 'USADO', '13357348'),
(13, 'MTM5400', '938TPA1221', '2024162', '000148230355780', 'PBA-42208D', 'RADIO', 'PORTATIL', NULL, 'USADO', '17367827'),
(14, 'MTM5400', '938TPA0607', 'CRAMA-028', '000148230349390', 'CRAMA-028', 'RADIO', 'PORTATIL', NULL, 'USADO', '9674100'),
(15, 'MTM5400', '938TPA0258', '2024150', '00014230345600', 'AMB/01/PC', 'RADIO', 'PORTATIL', NULL, 'USADO', '9697897'),
(16, 'MTM5400', '938TPA1885', 'PBA-42286D', '00014823032290', 'PBA-42286D', 'RADIO', 'PORTATIL', NULL, 'USADO', '12567709'),
(17, 'MTM5400', '938TPA0600', '2024149', '000148230349320', 'URP-05 PM SU', 'RADIO', 'PORTATIL', NULL, 'USADO', '16899541'),
(18, 'MTM5400', '938TPA1380', '2024164', '000148230357240', 'GNB-2930', 'RADIO', 'PORTATIL', NULL, 'USADO', '17571549'),
(19, 'MTM5400', '938TPA1935', '2024165', '000148230362790', 'GNB-4074', 'RADIO', 'PORTATIL', NULL, 'USADO', '17571549'),
(20, 'MTM5400', '938TPA0044', '2024167', '000148230343310', 'PBA-42283D', 'RADIO', 'PORTATIL', NULL, 'USADO', '13812312'),
(21, 'MTM5400', '938TPA1031', '2024154', '000148230353690', 'PBA-42266D', 'RADIO', 'PORTATIL', NULL, 'USADO', '10753117'),
(22, 'MTM5400', '938TPA0405', '2024131', '000148230347070', 'PBA-42265D', 'RADIO', 'PORTATIL', NULL, 'USADO', '13357348'),
(23, 'MTM5400', '938TPA0998', '4300041', '000148230353360', 'PBA-42271D', 'RADIO', 'PORTATIL', NULL, 'USADO', '11121061'),
(24, 'MTM5400', '938TPA1544', '4320114', '000148230358880', 'PBA-42029D', 'RADIO', 'PORTATIL', NULL, 'USADO', '14959752'),
(25, 'MTM5400', '938TPA1416', '2024142', '000148230357600', 'PBA-42252D', 'RADIO', 'PORTATIL', NULL, 'USADO', '13779800'),
(26, 'MTM5400', '938TPA1029', '2024139', '000148230353670', 'PBA-42429D', 'RADIO', 'PORTATIL', NULL, 'USADO', '12144049'),
(27, 'MTM5400', '938TPA1029', '2024140', '000148230347040', 'PBA-42262D', 'RADIO', 'PORTATIL', NULL, 'USADO', '10758788'),
(28, 'MTM5400', '938TPA1630', '2024137', '000148230359740', 'PBA-42277D', 'RADIO', 'PORTATIL', NULL, 'USADO', '12340408'),
(29, 'MTM5400', '938TPA0566', '4314240', '000148230348980', 'GRUA', 'RADIO', NULL, NULL, NULL, '15489580'),
(30, 'MTM5400', '938TPA0985', '4320063', '000148230353230', 'KAICENE', 'RADIO', NULL, NULL, NULL, '15489580'),
(31, 'MTM5400', '938TPA0279', '2024168', '000148230345810', 'UNIDAD 08', 'RADIO', 'PORTATIL', NULL, 'USADO', '9674100'),
(32, 'MTM5400', '938TPA1991', '2024146', '000148230363310', 'PBA-42275D', 'RADIO', 'PORTATIL', NULL, 'USADO', '13626412'),
(33, 'MTM5400', '938TPA0997', '2024157', '000148230353350', 'R-2', 'RADIO', 'PORTATIL', NULL, 'USADO', '9697897'),
(34, 'MTM5400', '938TPA0875', '2024151', '000148230352130', 'UNIDAD 024', 'RADIO', 'PORTATIL', NULL, 'USADO', '9674100'),
(35, 'MTM5400', '938TPA0872', '2024145', '000148230352100', 'PBA-42290D', 'RADIO', 'PORTATIL', NULL, 'USADO', '10516633'),
(36, 'MTM5400', '938TPA1536', '2024126', '000148230358800', 'PBA-42254D', 'RADIO', 'PORTATIL', NULL, 'USADO', '11985647'),
(37, 'MTM5400', '938TPA0259', '2024107', '000148230345610', 'PBA-42009D', 'RADIO', 'PORTATIL', NULL, 'USADO', '12567709'),
(38, 'MTM5400', '938TPA1091', '4320033', '000148230358350', 'PBA-42118D', 'RADIO', NULL, NULL, NULL, '12567709'),
(39, 'MTM5400', '938TPA1842', '4317003', '000148230361860', 'PBA-42186D', 'RADIO', 'MOVIL', 'B171:02629', 'NUEVO', '10516633'),
(40, 'MTM5400', '938TPA2003', '4320237', '000148230363430', 'PBA-40329D', 'RADIO', 'PORTATIL', NULL, 'USADO', '12340408'),
(41, 'MTM5400', '938TPA1858', '4314063', '000148230358060', '911/DESP/5', 'RADIO', 'MOVIL', 'B171:01001', 'NUEVO', '15489580'),
(42, 'MTM5400', '938TPA1004', '4320198', '000148230353420', '911/DESP/4', 'RADIO', 'PORTATIL', NULL, 'USADO', '15489580'),
(43, 'MTM5400', '938TPA1206', '4317011', '0001482303556300', 'RC-01', 'RADIO', NULL, NULL, NULL, '11052470'),
(44, 'MTM5400', '938TPA1738', '2024148', '000148230360820', 'PBA HILUX', 'RADIO', 'PORTATIL', NULL, 'USADO', '7115735'),
(45, 'MTM5400', '938TPA0785', '4320176', '000148230351220', 'COM/M.FRESCA', 'RADIO', NULL, NULL, NULL, '16130988'),
(46, 'MTM 5400', '938TPA1987', '4319121', '000148230363270', ' URP 42095D', 'RADIO', 'MOVIL', 'B171:02570', 'NUEVO', '11985647'),
(47, 'MTM 5400', '938TPA0666', '2024123', '000148230350000', 'UOTE - 01', 'RADIO', 'MOVIL', 'B171:02599', 'NUEVO', '22444816'),
(48, 'MTM 5400', '938TPA1979', '2024152', '000148230363190', 'UOTE ARAGUA', 'RADIO', 'MOVIL', NULL, 'USADO', '22444816'),
(49, 'MTM 5400', '938TPA0548', '2024169', '000148230348800', 'AMB - 15', 'RADIO', NULL, NULL, NULL, '9674100'),
(50, 'MTM 5400', '938TPA0408', '2024122', '000148230347100', 'UOTE - 02', 'RADIO', 'MOVIL', 'B171:00930', 'NUEVO', '22444816'),
(51, 'MTM5400', '938TPA1033', '2024124', '000148230353710', 'UOTE - 03', 'RADIO', 'MOVIL', NULL, 'USADO', '22444816'),
(52, 'MTM700', '857TDG0038', '4300012', '0000721101163200', 'BOMBEROS', 'RADIO', NULL, NULL, NULL, '17986521'),
(53, 'MTP700', '857THQ4762', '1405045', '000010824074616', 'BOMBEROS', 'RADIO', NULL, NULL, NULL, '17986521'),
(54, 'MTP700', '857TEU1511', '1405044', '0000721103701000', 'BOMBEROS', 'RADIO', NULL, NULL, NULL, '17986521'),
(55, 'MTM700', '857TEU2507', '1408020', '0000721103794100', 'BOMBEROS', 'RADIO', NULL, NULL, NULL, '17986521'),
(56, 'MTM700', '857TGW3046', '1405043', '0000108240496500', 'BOMBEROS', 'RADIO', NULL, NULL, NULL, '17986521'),
(57, 'MTM5400', '938TPA1726', '4313046', '000148230360700', 'SECRETARIA', 'RADIO', 'MOVIL', NULL, 'USADO', '6879346'),
(58, 'MTM5400', '938TPA1725', '20204166', '000148230360690', 'COM/LA PEDRERA', 'RADIO', NULL, NULL, NULL, '13019774'),
(59, 'MTM5400', '938TPA1840', '2024170', '000148230361840', 'R1/PCSUCRE', 'RADIO', 'MOVIL', 'B171:00998', 'USADO', '15490437'),
(60, 'MTM-700', '857TEU1530', '1490199', '000721103702900', 'PCFLA', 'RADIO', NULL, NULL, NULL, '19207093'),
(61, 'MTM-700', '857TFW1081', '1407005', '0001082400981900', 'PCFLA', 'RADIO', NULL, NULL, NULL, '19207093'),
(62, 'MTP850', '890TPA3418', '4313098', '0001481913528900', 'VEN 9-1-1', 'RADIO', 'PORTATIL', NULL, 'USADO', '15489580'),
(63, 'MTP850', '890TPA0610', '1406033', '0001481913316700', 'VEN 9-1-1', 'RADIO', 'PORTATIL', NULL, 'USADO', '15489580'),
(64, 'MTP850', '890TNW3208', '1402021', '0001481912973800', 'VEN 9-1-1', 'RADIO', 'PORTATIL', NULL, 'USADO', '15489580'),
(65, 'MTP850', '890TPA3762', '4317019', '0001481913563300', 'VEN 9-1-1', 'RADIO', 'PORTATIL', NULL, 'USADO', '15489580'),
(66, 'MTP850', '890TPA1222', '1402228', '0001481913378000', 'VEN 9-1-1', 'RADIO', 'PORTATIL', NULL, 'USADO', '15489580'),
(67, 'MTP3550', '121TRM0942', '4313098', '00016B2B0042830', '911/DESP/5', 'RADIO', NULL, NULL, NULL, '15489580'),
(68, 'MTP850', '890TPA3492', '2015010', '0001481913536300', 'I/J BRACHO D', 'RADIO', 'PORTATIL', NULL, 'USADO', '13,870,523'),
(69, 'MTP850', '890TPA3763', '2004006', '0001481913563400', 'P/C REYES Y', 'RADIO', 'PORTATIL', NULL, 'USADO', '12,480,132'),
(70, 'MTP850', '890TPA0706', '1406034', '0001481913326300', 'I GIGALDI L', 'RADIO', 'PORTATIL', NULL, 'USADO', '13747982'),
(71, 'MTP850', '890TPA0928', '4314135', '0001481913348600', 'PM GIRARDOT', 'RADIO', 'PORTATIL', 'B171:01416', 'USADO', '11984732'),
(72, 'MTP850', '890TPA3184', '4320580', '0001481913505400', 'O/LINARES', 'RADIO', 'PORTATIL', NULL, 'USADO', '19110093'),
(73, 'MTP850', '890TNW3322', '1406057', '0001481912985100', 'FERNANDEZR', 'RADIO', 'PORTATIL', 'B171:02494', 'USADO', '10691789'),
(74, 'MTP850', '890TPA0187', '1402103', '00014819132272400', 'P/C ACERO', 'RADIO', 'PORTATIL', NULL, 'USADO', '12566755'),
(75, 'MTP850', '890TPA-1602', '1402216', '0001481913411200', 'P/C LEON', 'RADIO', NULL, NULL, NULL, '13357348'),
(76, 'MTP850', '890TPA1691', '1405016', '000148191342010', 'C/J LINERO', 'RADIO', 'PORTATIL', NULL, 'USADO', '9670263'),
(77, 'MTP850', '890TPA0440', '24002001', '000148191329040', 'C/J CESPEDES', 'RADIO', 'PORTATIL', 'B171:01194', 'USADO', '11985647'),
(78, 'MTP850', '890TPA3983', '4314061', '000148191358540', 'C/J SAEZ A', 'RADIO', 'PORTATIL', NULL, 'USADO', '7977209'),
(79, 'MTP850', '890TPA0859', '1404035', '000148191334160', 'C/J AVILA', 'RADIO', 'PORTATIL', 'B171:01390', 'USADO', '10342956'),
(80, 'MTP850', '890TPA3347', '2200059', '000148191352180', 'C/ROJAS', 'RADIO', 'PORTATIL', 'B171:01851', 'NUEVO', '13701661'),
(81, 'MTP850', '890TPA0024', '1410021', '000148191324950', 'C/J NADALES', 'RADIO', 'PORTATIL', NULL, 'USADO', '12144048'),
(82, 'MTP850', '890TPA3470', '6543098', '000148191353410', 'C/BELLAIS', 'RADIO', 'PORTATIL', 'B171:01952', 'USADO', '10673187'),
(83, 'MTP850', '890TPA3575', '2200020', '00014819135446', 'C/GONZALEZ', 'RADIO', 'PORTATIL', 'B171:02029', 'NUEVO', '15710526'),
(84, 'MTP850', '890TPA3526', '2200021', '00014819135970', 'T/N CORONADO', 'RADIO', 'PORTATIL', 'B171:01996', 'NUEVO', '15489580'),
(85, 'MTP850', '890TPA3577', '2200017', '0001481913544800', 'D/G GUERRA', 'RADIO', 'PORTATIL', 'B171:02031', 'NUEVO', '9674100'),
(86, 'MTP850', '890TPA3453', '2200013', '000148191352400', 'G/OLIVO', 'RADIO', 'PORTATIL', 'B171:01936', 'NUEVO', '11052470'),
(87, 'MTP850', '890TPA0127', '2200019', '000148191326840', 'C/J AGUIRRE', 'RADIO', 'PORTATIL', 'B171:01114', 'NUEVO', '11977083'),
(88, 'MTP850', '890TPA0689', '2200055', '000148191331460', 'C/J CAMACHO', 'RADIO', 'PORTATIL', 'B171:01304', 'NUEVO', '10191456'),
(89, 'MTP850', '890TNW3309', '2200043', '0001481912984100', 'C/J RONDON', 'RADIO', 'PORTATIL', 'B171:01066', 'NUEVO', NULL),
(90, 'MTP850', '890TPA3501', '1402012', '000148191353720', 'P/I NOGUERA', 'RADIO', 'PORTATIL', NULL, 'USADO', '15818000'),
(91, 'MTP850', '890TPA3344', '2200015', '000148191352160', 'C/AGUIRRE', 'RADIO', 'PORTATIL', 'B171:01848', 'NUEVO', '13019944'),
(92, 'MTP850', '890TPA3319', '2200012', '000148191351900', 'D/G LAMGLIA', 'RADIO', 'PORTATIL', 'B171:01841', 'NUEVO', '9697897'),
(93, 'MTP850', '890TPA3597', '6543015', '0001481913546800', 'CP-015', 'RADIO', 'PORTATIL', 'B171:02049', 'USADO', '23801544'),
(94, 'MTP850', '890TPA3798', '6543020', '0001481913566900', 'CP-020', 'RADIO', 'PORTATIL', 'B171:02133', 'USADO', '15739399'),
(95, 'MTP850', '890TPA1812', '6543024', '0001481913432200', 'CP-024', 'RADIO', 'PORTATIL', 'B171:02529', 'USADO', '18977877'),
(96, 'MTP850', '890TNW3249', '6543153', '0001481912977900', 'CP-153', 'RADIO', 'PORTATIL', 'B171:02489', 'USADO', '19,108,501'),
(97, 'MTP850', '890TPA0226', '6543010', '0001481913276300', 'CP-010', 'RADIO', 'PORTATIL', 'B171:01139', 'USADO', '19132136'),
(98, 'MTP850', '890TPA2812', '6543011', '0001481913468300', 'CP-011', 'RADIO', 'PORTATIL', 'B171:02541', 'USADO', '20109955'),
(99, 'MTP850', '890TPA3839', '6543012', '0001481913571000', 'CP-012', 'RADIO', 'PORTATIL', 'B171:02146', 'USADO', '25314035'),
(100, 'MTP850', '890TPA3535', '6543048', '0001481913540600', 'CP-048', 'RADIO', 'PORTATIL', 'B171:02003', 'USADO', '25364268'),
(101, 'MTP850', '890TPA2986', '6543049', '0001481913485600', 'CP-049', 'RADIO', 'PORTATIL', NULL, 'USADO', '19595523'),
(102, 'MTP850', '890TPA2982', '6543051', '0001481913485200', 'CP-051', 'RADIO', 'PORTATIL', 'B171:01776', 'USADO', '19466265'),
(103, 'MTP850', '890TPA3991', '6543052', '0001481913586200', 'CP-052', 'RADIO', 'PORTATIL', NULL, 'USADO', '14389128'),
(104, 'MTP850', '890TPA0862', '6543091', '0001481913342000', 'CP-091', 'RADIO', 'PORTATIL', 'B171:01393', 'USADO', '13672114'),
(105, 'MTP850', '890TPA3830', '6543092', '0001481913570000', 'CP-092', 'RADIO', 'PORTATIL', 'B171:02141', 'USADO', '16280473'),
(106, 'MTP850', '890TPA3844', '6543096', '0001481913571500', 'CP-096', 'RADIO', 'PORTATIL', NULL, 'USADO', '17366542'),
(107, 'MTP850', '890TPA1876', '6543100', '0001481913438600', 'CP-100', 'RADIO', 'PORTATIL', NULL, 'USADO', '14192508'),
(108, 'MTP850', '890TPA0690', '6543101', '0001481913324700', 'CP-101', 'RADIO', 'PORTATIL', 'B171:01305', 'USADO', '19004296'),
(109, 'MTP850', '890TPA3825', '6543119', '0001481913569600', 'CP-119', 'RADIO', 'PORTATIL', 'B171:02138', 'USADO', '18144610'),
(110, 'MTP850', '890TPC4161', '6543120', '0001481913832800', 'CP-120', 'RADIO', 'PORTATIL', NULL, 'USADO', '20453927'),
(111, 'MTP850', '890TPA3245', '6543121', '0001481913511500', 'CP-121', 'RADIO', 'PORTATIL', 'B171:01813', 'USADO', '20781488'),
(112, 'MTP850', '890TPA0812', '4318184', '0001481913377000', 'C/J LEDEZMA', 'RADIO', 'PORTATIL', NULL, 'USADO', '9,656,714'),
(113, 'MTP850', '890TPA1009', '6543154', '0001481913356600', 'CP-154', 'RADIO', 'PORTATIL', NULL, 'USADO', '20,450,642'),
(114, 'MTP850', '890TPA0829', '6543126', '0001481913338700', 'CP-126', 'RADIO', 'PORTATIL', 'B171:01374', 'USADO', '29581487'),
(115, 'MTP850', '890TPA0822', '2008022', '000148191333790', 'C/J ESCALANT', 'RADIO', 'PORTATIL', NULL, 'USADO', '11979155'),
(116, 'MTP850', '890TPA3015', '1402041', '0001481913488500', 'P/C LEON', 'RADIO', 'PORTATIL', NULL, NULL, '13,357,348'),
(117, 'MTP850', '890TPA3888', '6543017', '0001481913575900', 'CP-017', 'RADIO', 'PORTATIL', 'B171:02163', 'USADO', '21279306'),
(118, 'MTP850', '890TPA1355', '6543018', '0001481913391300', 'CP-018', 'RADIO', 'PORTATIL', 'B171:01555', 'USADO', '20650235'),
(119, 'MTP850', '890TPA0818', '6543001', '00014819113337500', 'CP-152', 'RADIO', 'PORTATIL', NULL, 'USADO', '14928333'),
(120, 'MTP850', '890TPA3712', '6543019', '0001481913558300', 'CP-019', 'RADIO', 'PORTATIL', 'ILEGIBLE', 'USADO', '18977496'),
(121, 'MTP850', '890TPA0830', '6543064', '0001481913338800', 'CP-064', 'RADIO', 'PORTATIL', 'B171:01375', 'USADO', NULL),
(122, 'MTP850', '890TPA3459', '6543113', '0001481913533000', 'CP-113', 'RADIO', 'PORTATIL', 'ILEGIBLE', 'USADO', '17248237'),
(123, 'MTP850', '890TPA0486', '6543114', '0001481913304000', 'CP-114', 'RADIO', 'PORTATIL', 'B171:01207', 'USADO', '25477453'),
(124, 'MTP850', '890TPA0131', '6543115', '0001481913263800', 'CP-115', 'RADIO', 'PORTATIL', 'B171:01117', 'USADO', '22262989'),
(125, 'MTP850', '890TPA1681', '6543128', '0001481913419100', 'CP-128', 'RADIO', 'PORTATIL', 'B171:01649', 'USADO', NULL),
(126, 'MTP850', '890TPC4175', '6543001', '0001481913834200', 'CP-001', 'RADIO', 'PORTATIL', 'B171:02219', 'USADO', '29772156'),
(127, 'MTP850', '890TPA3419', '6543013', '0001481913529000', 'CP-013', 'RADIO', 'PORTATIL', 'B171:01909', 'USADO', '20127203'),
(128, 'MTP850', '890TPA1716', '6543014', '0001481913422600', 'CP-014', 'RADIO', 'PORTATIL', 'ILEGIBLE', 'USADO', '22527370'),
(129, 'MTP850', '890TNW3215', '6543040', '0001481912974600', 'CP-040', 'RADIO', 'PORTATIL', 'ILEGIBLE', 'USADO', '16129676'),
(130, 'MTP850', '890TNW3262', '6543023', '0001481912979200', 'CP-023', 'RADIO', 'PORTATIL', 'B171:02476', 'USADO', '13780673'),
(131, 'MTP850', '890TPA3412', '6543025', '0001481913528200', 'CP-025', 'RADIO', 'PORTATIL', 'B171:01902', 'USADO', '22698584'),
(132, 'MTP850', '890TPA3949', '6543026', '0001481913582000', 'CP-026', 'RADIO', 'PORTATIL', 'B171:02175', 'USADO', '20110734'),
(133, 'MTP850', '890TPA3790', '6543027', '0001481913566000', 'CP-027', 'RADIO', 'PORTATIL', 'B171:02132', 'USADO', '24815691'),
(134, 'MTP850', '890TPA0711', '6543029', '0001481913326800', 'CP-029', 'RADIO', 'PORTATIL', 'B171:01318', 'USADO', '6.08.321'),
(135, 'MTP850', '890TPA1438', '6543030', '0001481913399600', 'CP-030', 'RADIO', 'PORTATIL', 'B171:01598', 'USADO', '26302449'),
(136, 'MTP850', '890TPA3297', '6543044', '0001481913516700', 'CP-044', 'RADIO', 'PORTATIL', 'B171:01828', 'USADO', NULL),
(137, 'MTP850', '890TPA1932', '6543031', '0001481913444200', 'CP-031', 'RADIO', 'PORTATIL', 'B171:01734', 'USADO', '18638980'),
(138, 'MTP850', '890TPA3479', '6543155', '0001481913534900', 'CP-155', 'RADIO', 'PORTATIL', 'B171:01961', 'USADO', '14339083'),
(139, 'MTP850', '890TPA1294', '6543032', '0001481913385200', 'CP-032', 'RADIO', 'PORTATIL', 'B171:01532', 'USADO', '22955178'),
(140, 'MTP850', '890TPA2702', '6543033', '0001481913457200', 'CP-033', 'RADIO', 'PORTATIL', 'B171:01747', 'USADO', NULL),
(141, 'MTP850', '890TPA1405', '6543034', '0001481913396300', 'CP-034', 'RADIO', 'PORTATIL', 'B171:01584', 'USADO', NULL),
(142, 'MTP850', '890TPA1718', '6543035', '0001481913422800', 'CP-035', 'RADIO', 'PORTATIL', 'ILEGIBLE', 'USADO', '1855222'),
(143, 'MTP850', '890TPA3481', '6543037', '0001481913535200', 'CP-037', 'RADIO', 'PORTATIL', 'ILEGIBLE', 'USADO', '30144838'),
(144, 'MTP850', '890TPA0470', '6543038', '0001481913276800', 'CP-038', 'RADIO', 'PORTATIL', 'B171:01204', 'USADO', '23413404'),
(145, 'MTP850', '890TPA2742', '6543047', '0001481913461200', 'CP-047', 'RADIO', 'PORTATIL', 'B171:02538', 'USADO', '16040411'),
(146, 'MTP850', '890TPA4205', '6543058', '0001481913598900', 'CP-058', 'RADIO', 'PORTATIL', 'B171:02196', 'USADO', '22289241'),
(147, 'MTP850', '890TPA3847', '6543062', '0001481913571800', 'CP-062', 'RADIO', 'PORTATIL', 'B171:02150', 'USADO', '11181616'),
(148, 'MTP850', '890TPA3433', '6543073', '0001481913530400', 'CP-073', 'RADIO', 'PORTATIL', 'B171:01922', 'USADO', '15991516'),
(149, 'MTP850', '890TPA3674', '6543102', '0001481913554500', 'CP-102', 'RADIO', 'PORTATIL', 'B171:02085', 'USADO', '20,757,390'),
(150, 'MTP850', '890TPA1362', '6543107', '0001481913392000', 'CP-107', 'RADIO', 'PORTATIL', 'B171:01557', 'USADO', NULL),
(151, 'MTP850', '890TPA0652', '6543108', '0001481913320900', 'CP-108', 'RADIO', 'PORTATIL', 'B171:01282', 'USADO', NULL),
(152, 'MTP850', '890TPA1738', '6543111', '0001481913424800', 'CP-111', 'RADIO', 'PORTATIL', 'B171:01674', 'USADO', '19175008'),
(153, 'MTP850', '890TPA1807', '6543116', '0001481913431700', 'CP-116', 'RADIO', 'PORTATIL', 'B171:01702', 'USADO', NULL),
(154, 'MTP850', '890TPA1258', '6543002', '0001481913381600', 'CP-002', 'RADIO', 'PORTATIL', 'B171:01506', 'USADO', '10753117'),
(155, 'MTP850', '890TPC4188', '6543003', '0001481913835500', 'CP-003', 'RADIO', 'PORTATIL', 'B171:02232', 'USADO', '17367612'),
(156, 'MTP850', '890TPA0505', '6543004', '0001481913306000', 'CP-004', 'RADIO', 'PORTATIL', 'B171:01217', 'USADO', '13779368'),
(157, 'MTP850', '890TPA0239', '6543008', '0001481913279100', 'CP-008', 'RADIO', 'PORTATIL', 'B171:02510', 'USADO', '15497763'),
(158, 'MTP850', '890TPA1376', '6543009', '0001481913393400', 'CP-009', 'RADIO', 'PORTATIL', 'B171:01568', 'USADO', '12571532'),
(159, 'MTP850', '890TPA0519', '6543016', '0001481913307400', 'CP-016', 'RADIO', 'PORTATIL', 'B171:01229', 'USADO', '16734284'),
(160, 'MTP850', '890TPA3456', '6543021', '0001481913532700', 'CP-021', 'RADIO', 'PORTATIL', 'B171:01938', 'USADO', '11129982'),
(161, 'MTP850', '890TPA3987', '6543022', '0001481913585800', 'CP-022', 'RADIO', 'PORTATIL', 'B171:02180', 'USADO', '9916424'),
(162, 'MTP850', '890TPA3421', '6543028', '0001481913529200', 'CP-028', 'RADIO', 'PORTATIL', 'B171:01911', 'USADO', '9689571'),
(163, 'MTP850', '890TPA3660', '6543042', '0001481913553100', 'CP-042', 'RADIO', 'PORTATIL', 'B171:02077', 'USADO', NULL),
(164, 'MTP850', '890TPA2995', '6543036', '0001481913486500', 'CP-036', 'RADIO', 'PORTATIL', 'B171:01784', 'USADO', '14959752'),
(165, 'MTP850', '890TPA0232', '6543039', '0001481913276800', 'CP-039', 'RADIO', 'PORTATIL', 'B171:01143', 'USADO', '9661550'),
(166, 'MTP850', '890TPA0106', '6543045', '0001481913261200', 'CP-045', 'RADIO', 'PORTATIL', 'B171:01096', 'USADO', '11938648'),
(167, 'MTP850', '890TPA1764', '6543046', '0001481913427400', 'CP-046', 'RADIO', 'PORTATIL', 'B171:01687', 'USADO', '9883998'),
(168, 'MTP850', '890TPA0803', '6543050', '0001481913336100', 'CP-050', 'RADIO', 'PORTATIL', 'B171:01353', 'USADO', '15037599'),
(169, 'MTP850', '890TPA3655', '6543053', '0001481913552500', 'CP-053', 'RADIO', 'PORTATIL', 'B171:02074', 'USADO', '14741895'),
(170, 'MTP850', '890TPA3680', '6543054', '0001481913555100', 'CP-054', 'RADIO', 'PORTATIL', 'B171:02087', 'USADO', '14861273'),
(171, 'MTP850', '890TPA1203', '6543060', '0001481913376100', 'CP-060', 'RADIO', 'PORTATIL', 'B171:02481', 'USADO', NULL),
(172, 'MTP850', '890TPC4182', '6543055', '0001481913834900', 'CP-055', 'RADIO', 'PORTATIL', 'B171:02226', 'USADO', '12403989'),
(173, 'MTP850', '890TPA1933', '6543056', '0001481913444300', 'CP-056', 'RADIO', 'PORTATIL', 'B171:01735', 'USADO', '14830142'),
(174, 'MTP850', '890TPA1379', '6543057', '0001481913393700', 'CP-057', 'RADIO', 'PORTATIL', 'B171:01570', 'USADO', '15738618'),
(175, 'MTP850', '890TPA0596', '6543059', '0001481913315300', 'CP-059', 'RADIO', 'PORTATIL', 'B171:01272', 'USADO', '13518678'),
(176, 'MTP850', '890TPA3416', '6543061', '0001481913528700', 'CP-061', 'RADIO', 'PORTATIL', 'B171:01906', 'USADO', '10365638'),
(177, 'MTP850', '890TPA4210', '6543063', '0001481913599400', 'CP-063', 'RADIO', 'PORTATIL', 'B171:02201', 'USADO', '15506421'),
(178, 'MTP850', '890TPA1272', '6543065', '0001481913382900', 'CP-065', 'RADIO', 'PORTATIL', 'B171:01517', 'USADO', '16099479'),
(179, 'MTP850', '890TPA3317', '6543066', '0001481913518700', 'CP-066', 'RADIO', 'PORTATIL', 'B171:01840', 'USADO', '12338706'),
(180, 'MTP850', '890TPA3490', '6543068', '0001481913536100', 'CP-068', 'RADIO', 'PORTATIL', 'B171:01972', 'USADO', '14860747'),
(181, 'MTP850', '890TPA3406', '6543067', '0001481913527700', 'CP-067', 'RADIO', 'PORTATIL', 'B171:01896', 'USADO', '15962698'),
(182, 'MTP850', '890TPA3340', '6543069', '0001481913521100', 'CP-069', 'RADIO', 'PORTATIL', 'ILEGIBLE', 'USADO', '13626412'),
(183, 'MTP850', '890TPA3584', '6543070', '0001481913545700', 'CP-070', 'RADIO', 'PORTATIL', 'ILEGIBLE', 'USADO', '12168634'),
(184, 'MTP850', '890TPA3856', '6543071', '0001481913572600', 'CP-071', 'RADIO', 'PORTATIL', 'B171:02154', 'USADO', NULL),
(185, 'MTP850', '890TPA0716', '6543072', '0001481913327300', 'CP-072', 'RADIO', 'PORTATIL', 'B171:01321', 'USADO', NULL),
(186, 'MTP850', '890TPA0823', '6543074', '0001481913338100', 'CP-074', 'RADIO', 'PORTATIL', 'B171:01369', 'USADO', '16865105'),
(187, 'MTP850', '890TPA1313', '6543075', '0001481913387100', 'CP-075', 'RADIO', 'PORTATIL', 'ILEGIBLE', 'USADO', '9672376'),
(188, 'MTP850', '890TPA0934', '6543076', '0001481913349100', 'CP-076', 'RADIO', 'PORTATIL', 'B171:01422', 'USADO', '20895371'),
(189, 'MTP850', '890TPC4178', '6543077', '0001481913834500', 'CP-077', 'RADIO', 'PORTATIL', 'ILEGIBLE', 'USADO', '13356296'),
(190, 'MTP850', '890TPA3423', '6543078', '0001481913529400', 'CP-078', 'RADIO', 'PORTATIL', 'B171:01913', 'USADO', '14033878'),
(191, 'MTP850', '890TPA3882', '6543088', '0001481913575300', 'CP-088', 'RADIO', 'PORTATIL', 'B171:02159', 'USADO', '12583374'),
(192, 'MTP850', '890TPA0279', '6543089', '0001481913283100', 'CP-089', 'RADIO', 'PORTATIL', ' ILEGIBLE', 'USADO', '9670326'),
(193, 'MTP850', '890TPA3405', '6543090', '0001481913527600', 'CP-090', 'RADIO', 'PORTATIL', 'B171:01895', 'USADO', '5884436'),
(194, 'MTP850', '890TLA8554', '6543093', '0001292818561200', 'CP-093', 'RADIO', 'PORTATIL', 'NO POSEE', 'USADO', '13502403'),
(195, 'MTP850', '890TPA3848', '6543094', '0001481913571900', 'CP-094', 'RADIO', 'PORTATIL', 'B171:02151', 'USADO', '8513621'),
(196, 'MTP850', '890TPA2819', '6543095', '0001481913468900', 'CP-095', 'RADIO', 'PORTATIL', 'B171:01748', 'USADO', '15166996'),
(197, 'MTP850', '890TPA0506', '6543097', '0001481913306100', 'CP-097', 'RADIO', 'PORTATIL', 'ILEGIBLE', 'USADO', '9902090'),
(198, 'MTP850', '890TPA3460', '6543098', '0001481913533100', 'CP-098', 'RADIO', 'PORTATIL', 'B171:01942', 'USADO', '10758788'),
(199, 'MTP850', '890TPA3600', '6543099', '0001481913547100', 'CP-099', 'RADIO', 'PORTATIL', 'B171:02052', 'USADO', '14209385'),
(200, 'MTP850', '890TPA1061', '6543103', '0001481913361800', 'CP-103', 'RADIO', 'PORTATIL', 'B171:01462', 'USADO', '13908316'),
(201, 'MTP850', '890TPA0570', '6543104', '0001481913312700', 'CP-104', 'RADIO', 'PORTATIL', 'B171:01262', 'USADO', '133556619'),
(202, 'MTP850', '890TPA3517', '6543105', '0001481913538800', 'CP-105', 'RADIO', 'PORTATIL', 'B171:01989', 'USADO', '13518858'),
(203, 'MTP850', '890TPA0421', '6543106', '0001481913297500', 'CP-106', 'RADIO', 'PORTATIL', 'B171:01186', 'USADO', NULL),
(204, 'MTP850', '890TPA1680', '6543109', '0001481913419000', 'CP-109', 'RADIO', 'PORTATIL', 'B171:01648', 'USADO', '13869939'),
(205, 'MTP850', '890TPA3285', '6543110', '0001481913515500', 'CP-110', 'RADIO', 'PORTATIL', 'B171:01820', 'USADO', '15735987'),
(206, 'MTP850', '890TPA1896', '6543112', '0001481913440600', 'CP-112', 'RADIO', 'PORTATIL', 'B171:01727', 'USADO', '12995649'),
(207, 'MTP850', '890TPA3043', '6543117', '0001481913491300', 'CP-117', 'RADIO', 'PORTATIL', 'NO POSEE', 'USADO', '9654146'),
(208, 'MTP850', '890TPA1273', '6543118', '0001481913383100', 'CP-118', 'RADIO', 'PORTATIL', 'B171:01518', 'USADO', '14191789'),
(209, 'MTP850', '890TPA0722', '6543122', '0001481913327900', 'CP-122', 'RADIO', 'PORTATIL', 'B171:01324', 'USADO', '10318782'),
(210, 'MTP850', '890TNW3351', '6543123', '0001481912988100', 'CP-123', 'RADIO', 'PORTATIL', 'B171:01072', 'USADO', '11756539'),
(211, 'MTP850', '890TPA3516', '6543124', '0001481913538700', 'CP-124', 'RADIO', 'PORTATIL', 'B171:01988', 'USADO', '20694942'),
(212, 'MTP850', '890TPA0813', '6543125', '0001481913337100', 'CP-125', 'RADIO', 'PORTATIL', 'B171:01363', 'USADO', '7129557'),
(213, 'MTP850', '890TPA1803', '6543127', '0001481913431300', 'CP-127', 'RADIO', 'PORTATIL', 'ILEGIBLE', 'USADO', '13205347'),
(214, 'MTP850', '890TPA1434', '2200005', '000148191339920', 'ALAS 1', 'RADIO', 'PORTATIL', 'B171:01597', 'NUEVO', '17576322'),
(215, 'MTP850', '890TPA1084', '2200052', '000148191336420', 'ALAS', 'RADIO', 'PORTATIL', 'B171:01475', 'NUEVO', '14437683'),
(216, 'MTP850', '890TPA3245', '6543121', '000148191351150', 'CP-121', 'RADIO', 'PORTATIL', 'B171:01813', 'USADO', NULL),
(217, 'MTP850', '890TPA0710', '1402173', '000148191332670', 'VEN 911', 'RADIO', 'PORTATIL', NULL, 'USADO', '15489580'),
(218, 'MTP850', '890TPA0386', '1402184', '000148191329400', 'VEN 911', 'RADIO', 'PORTATIL', 'B171:01179', 'USADO', '15489580'),
(219, 'MTP850', '890TPA1832', '1402224', '000148191343420', 'VEN 911', 'RADIO', 'PORTATIL', NULL, 'USADO', '15489580'),
(220, 'MTP850', '890TPA1368', '2200058', '000148191339260', 'G/B PARRA', 'RADIO', 'PORTATIL', 'B171:01562', 'NUEVO', '7115735'),
(221, 'MTP850', '890TPA3245', '6543121', '000148191351150', 'CP-121', 'RADIO', 'PORTATIL', 'B171:01813', 'USADO', '20781488'),
(222, 'MTP 850', '890TPA0509', '1405047', '000148191330660', 'VEN-911', 'RADIO', NULL, NULL, NULL, '15489580'),
(223, 'MTP850', '890TPA3386', '1405013', '000148191352570', 'VEN-911', 'RADIO', NULL, NULL, NULL, '15489580'),
(224, 'MTP850', '890TPA3622', '1408028', '000148191354930', 'VEN-911', 'RADIO', NULL, NULL, NULL, '15489580'),
(225, 'MTP850', '890TPA0712', '4320387', NULL, 'PM GIRARDOT', 'RADIO', NULL, NULL, NULL, '11948732'),
(226, 'MTP850', '890TNW3111', '4320397', NULL, 'PM GIRARDOT', 'RADIO', NULL, NULL, NULL, '11948732'),
(227, 'MTP850', '890TNW3358', '4320392', NULL, 'PM GIRARDOT', 'RADIO', NULL, NULL, NULL, '11948732'),
(228, 'MTP850', '890TNW3247', '4320385', NULL, 'PM GIRARDOT', 'RADIO', NULL, NULL, NULL, '11948732'),
(229, 'MTP850', '890TPA1188', '4320396', NULL, 'PM GIRARDOT', 'RADIO', NULL, NULL, NULL, '11948732'),
(230, 'MTP850', '890TPA1066', '4320389', NULL, 'PM GIRARDOT', 'RADIO', NULL, NULL, NULL, '11948732'),
(231, 'MTP850', '890TPA3596', '4320394', NULL, 'PM GIRARDOT', 'RADIO', NULL, NULL, NULL, '11948732'),
(232, 'MTP850', '890TPA3988', '4320390', NULL, 'PM GIRARDOT', 'RADIO', NULL, NULL, NULL, '11948732'),
(233, 'MTP850', '890TPA3366', '4320339', NULL, 'PM GIRARDOT', 'RADIO', NULL, NULL, NULL, '11948732'),
(234, 'MTP850', '890TNW3212', '4320388', NULL, 'PM GIRARDOT', 'RADIO', NULL, NULL, NULL, '11948732'),
(235, 'MTP850', '890TPA3389', '4320398', NULL, 'PM GIRARDOT', 'RADIO', NULL, NULL, NULL, '11948732'),
(236, 'MTP850', '890TPA3461', '4318183', '000148191353320', 'VEN 911', 'RADIO', NULL, NULL, NULL, '15489580'),
(237, 'MTP850', '890TPA0711', '6543029', '0001481913326800', 'PNB', 'RADIO', 'PORTATIL', 'B171:01318', 'USADO', '6608321'),
(238, 'MTP850', '890TPA3281', '6543150', '000148191351510', 'CP-150', 'RADIO', 'PORTATIL', NULL, 'USADO', '17701415'),
(239, 'MTP850', '890TPA1649', '1406045', '000148191341610', 'C/ PEREZ L', 'RADIO', 'PORTATIL', NULL, 'USADO', '14860126'),
(240, 'MTP850', '890TPA0961', '2200040', '000148191335190', 'C/J BRICEÑO', 'RADIO', 'PORTATIL', NULL, 'USADO', '10516633'),
(241, 'MTP850', '890TPA3244', '2200053', '000148191351140', 'ALAS 3', 'RADIO', 'PORTATIL', 'B171:01812', 'NUEVO', '14261976'),
(242, 'MTP850', '890TPA1266', '2200003', '000148191338240', 'ALAS 2', 'RADIO', 'PORTATIL', 'B171:01512', 'NUEVO', '18851526'),
(243, 'MTP850', '890TPC4176', '1406002', '000148191383430', 'C/J RAMIREZ', 'RADIO', 'PORTATIL', NULL, 'USADO', '11991415'),
(244, 'MTP850', '890TPA0861', '1408006', '000148191334180', 'C/J OLIVO D', 'RADIO', 'PORTATIL', NULL, 'USADO', '13812312'),
(245, 'MTP850', '890TPA1690', '1408009', '0001481913420000', 'C/J ROJAS R', 'RADIO', 'PORTATIL', NULL, 'USADO', '13721106'),
(246, 'MTP850', '890TPA3661', '1406039', '000148191355320', 'P/C ZAPATA Y', 'RADIO', 'PORTATIL', NULL, 'USADO', '13664042'),
(247, 'MTP850', '890TPA1645', '1406048', '000148191341540', 'P/C HERNANDEZ', 'RADIO', 'PORTATIL', NULL, 'USADO', '13779800'),
(248, 'MTP850', '890TPA3610', '1406044', '000148191354810', 'C/J PEÑALVER Y', 'RADIO', 'PORTATIL', NULL, 'USADO', '12567709'),
(249, 'MTP850', '890TPA4203', '1408014', '000148191359870', 'C/J APARICIO', 'RADIO', 'PORTATIL', NULL, 'USADO', '9697772'),
(250, 'MTP850', '890TPA0931', '2008028', '000148191334890', 'C/J PEREZ H', 'RADIO', 'PORTATIL', NULL, 'USADO', '10802278'),
(251, 'MTP850', '890TPA0031', '1402047', '000148191325030', 'C/J CHACON C', 'RADIO', 'PORTATIL', NULL, 'USADO', '10455060'),
(252, 'MTP850', '890TPA3865', '1402174', '000148191357360', 'C/J JIMENEZ F', 'RADIO', 'PORTATIL', NULL, 'USADO', '13614190'),
(253, 'MTP850', '890TPA3599', '1409018', '000148191354700', 'P/C RUMBO', 'RADIO', 'PORTATIL', NULL, 'USADO', '12340408'),
(254, 'MTP850', '890TPA3681', '1406038', '000148191355520', 'P/C NIEVES J', 'RADIO', 'PORTATIL', NULL, 'USADO', '9673497'),
(255, 'MTP850', '890TPA1358', '1407002', '0001481911339170', 'P/C FERNANDEZ', 'RADIO', 'PORTATIL', NULL, 'USADO', '12728503'),
(256, 'MTP850', '890TPA1743', '1409024', '000148191342530', 'C/J ADALFIO A', 'RADIO', NULL, NULL, NULL, '11021061'),
(257, 'MTP850', '890TPA1742', '1408003', '000148191342520', 'P/C CALDERON  ', 'RADIO', NULL, NULL, NULL, '14038168'),
(258, 'MTP850', '890TPA3364', '14060022', '000148191352350', 'C/J MARTINEZ', 'RADIO', NULL, NULL, NULL, '12121727'),
(259, 'MTP850', '890TPA3643', '1408031', '000148191355140', 'C/J DAMIAN', 'RADIO', NULL, NULL, NULL, '9656418'),
(260, 'MTP850', '890TPA1750', '1409023', '000148191342590', 'C/J ALVIAREZ', 'RADIO', NULL, NULL, NULL, '13019774'),
(261, 'MTP850', '890TPA1732', '1402230', '000148191342420', 'C/J MACHADO', 'RADIO', NULL, NULL, NULL, '9687701'),
(262, 'MTP850', '890TLA8550', '1402078', '0001292818560800', 'DIPREN PEREZ', 'RADIO', 'PORTATIL', 'NO POSEE', 'USADO', '17367869'),
(263, 'MTP850', '890TNW3316', '1409010', '000148191298450', 'C/J CAMACHO', 'RADIO', NULL, NULL, NULL, '14296431'),
(264, 'MTP850', '890TPA4213', '1408010', '000148191359970', 'C/ PACHECO', 'RADIO', NULL, NULL, NULL, '16851274'),
(265, 'MTP850', '890TPA3071', '1406046', '000148191349410', 'C/J MALDONADO', 'RADIO', NULL, NULL, NULL, '7256813'),
(266, 'MTP850', '890TPA4201', '1408004', '000148191359850', 'C/J LORETO', 'RADIO', NULL, NULL, NULL, '12032366'),
(267, 'MTP850', '890TPA1643', '1406040', '000148191341530', 'C/J', 'RADIO', NULL, NULL, NULL, '11983597'),
(268, 'MTP850', '890TPA0439', '2200044', '000148191329930', 'ING/ SAUL', 'RADIO', 'PORTATIL', 'B171:01193', 'NUEVO', '20110891'),
(269, 'MTP850', '890TPA0132', '2200004', '000148191326390', 'ARAGUA 8', 'RADIO', 'PORTATIL', 'B171:01118', 'NUEVO', '17799255'),
(270, 'MTP850', '890TPA0791', '2200061', '000148191333490', 'P/G GIUSEPPE', 'RADIO', NULL, NULL, NULL, '15734106'),
(271, 'MTP850', '890TPA3847', '6543062', '0001481913571800', 'C/P 062', 'RADIO', 'PORTATIL', 'B171:02150', 'USADO', '12809554'),
(272, 'MTP850', '890TPA3830', '6543091', '000148191357000', 'C/P-092', 'RADIO', 'PORTATIL', 'B171:02141', 'USADO', '16280473'),
(273, 'MTP850', '890TPA1313', '6543075', '0001481913387100', 'C/P-075', 'RADIO', 'PORTATIL', 'ILEGIBLE', 'USADO', '17470206'),
(274, 'MTP850', '890TPA3532', '4350103', '000148191354030', 'S/S/C CEDEÑO', 'RADIO', NULL, NULL, NULL, '13270122'),
(275, 'MTP850', '890TPA4005', '1405015', '000148191358760', 'S/S/C CEDEÑO', 'RADIO', NULL, NULL, NULL, '13270122'),
(276, 'MTP850', '890TPA1379', '6543057', '0001481913393700', 'I/J SUMOZA', 'RADIO', 'PORTATIL', 'B171:01570', 'USADO', '15798618'),
(277, 'MTP850', '890TPA1932', '6543031', '0001481913444200', 'CP-031', 'RADIO', 'PORTATIL', 'B171:01734', 'USADO', '18638980'),
(278, 'MTP850', '890TPA3297', '6543044', '0001481913516700', 'CP-044', 'RADIO', 'PORTATIL', 'B171:01828', 'USADO', '11547058'),
(279, 'MTP850', '890TPA3302', '1409025', '000148191351720', 'C/J DIAZ', 'RADIO', 'PORTATIL', NULL, 'USADO', '9664678'),
(280, 'MTP850', '890TPA1685', '1408012', '000148191341950', 'P/C ROJAS', 'RADIO', 'PORTATIL', NULL, 'USADO', '9650734'),
(281, 'MTP850', '890TPA3882', '6543088', '0001481913575300', 'CP/ -088', 'RADIO', 'PORTATIL', 'B171:02159', 'USADO', '12583374'),
(282, 'MTP850', '890TPA3317', '6543066', '0001481913518700', 'CP-066', 'RADIO', 'PORTATIL', 'B171:01840', 'USADO', '12338706'),
(283, 'MTP850', '890TPA1011', '6543156', '000148191357100', 'CP-156', 'RADIO', 'PORTATIL', NULL, 'USADO', '18163154'),
(284, 'MTP850', '890TLA8554', '6543093', '0001292818561200', 'CP-093', 'RADIO', 'PORTATIL', 'NO POSEE', 'USADO', '13502403'),
(285, 'MTP850', '890TPA1933', '6543056', '0001481913444300', 'CP-056', 'RADIO', 'PORTATIL', 'B171:01735', 'USADO', '14830142'),
(286, 'MTP850', '890TPA0829', '6543126', '000148191333870', 'CP-126', 'RADIO', 'PORTATIL', 'B171:01374', 'USADO', '29581487'),
(287, 'MTP850', '121TRM1234', '4340161', '00016B2B0042970', 'C MAESTRO 01', 'RADIO', 'PORTATIL', 'B171:03057', 'USADO', '9664747'),
(288, 'MTP3550', '121TRM1251', '4320574', '00016B2B0043550', 'C MAESTRO 02', 'RADIO', 'PORTATIL', 'B171:02735', 'USADO', '9664747'),
(289, 'MTP3550', '121TRM1249', '4340124', '00016B2B0043540', 'C MAESTRO 15', 'RADIO', 'PORTATIL', 'B171:02730', 'USADO', '9664747'),
(290, 'MTP3550', '121TRM1303', '4340204', '00016B2B0043770', 'C MAESTRO 14', 'RADIO', 'PORTATIL', 'B171:02674', 'USADO', '9664747'),
(291, 'MTP3550', '121TRM0335', '1302013', '00016B2B0042260', 'C MAESTRO 13', 'RADIO', 'PORTATIL', 'B171:02691', 'USADO', '9664747'),
(292, 'MTP3550', '121TRM0475', '1402214', '00016B2B0042530', 'C MAESTRO 12 ', 'RADIO', 'PORTATIL', 'B171:02728', 'USADO', '9664747'),
(293, 'MTP3550', '121TRM1281', '4320132', '00016B2B0043250', 'C MAESTRO 08', 'RADIO', 'PORTATIL', 'B171:02672', 'USADO', '9664747'),
(294, 'MTP3550', '121TRM1287', '1404029', '00016B2B0043290', 'C MAESTRO 07', 'RADIO', 'PORTATIL', 'B171:02671', 'USADO', '9664747'),
(295, 'MTP3550', '121TRM0521', '4320572', '00016B2B0039770', 'C MAESTRO 06', 'RADIO', 'PORTATIL', 'B171:02662', 'USADO', '9664747'),
(296, 'MTP3550', '121TRM0969', '4300105', '00016B2B0042820', 'C MAESTRO', 'RADIO', 'PORTATIL', 'B171:02837', 'USADO', '9664747'),
(297, 'MTP3550', '121TRM1338', '4300057', '00016B2B0043800', 'C MAESTRO04', 'RADIO', 'PORTATIL', 'B171:02780', 'USADO', '9664747'),
(298, 'MTP3550', '890TPA1738', '6543111', '0001481913424800', 'CP-111', 'RADIO', 'PORTATIL', 'B171:01674', 'USADO', '19175008'),
(299, 'MTP850', '890TPA1690', '1408009', '0001481913420000', 'C/J ROJAS R', 'RADIO', 'PORTATIL', NULL, 'USADO', NULL),
(300, 'MTP850', '890TPA3421', '6543028', '0001481913529200', 'CP-028', 'RADIO', 'PORTATIL', 'B171:01911', 'USADO', '9689571'),
(301, 'MTP850', '890TPA1645', '1406048', '000148191341540', 'P/C HERNANDEZ ', 'RADIO', 'PORTATIL', NULL, 'USADO', '13779800'),
(302, 'MTP850', '890TPA3610', '1406044', '000148191354810', 'C/J PEÑALVER Y', 'RADIO', 'PORTATIL', NULL, 'USADO', '12567709'),
(303, 'MTP850', '890TPA1718', '6543035', '0001481913422800', 'CP-035', 'RADIO', 'PORTATIL', 'ILEGIBLE', 'USADO', '18552222'),
(304, 'MTP850', '890TPA1189', '2200022', '000148191337470', 'C/J HERRERA', 'RADIO', 'PORTATIL', 'B171:01488', 'NUEVO', '9913318'),
(305, 'MTP850', '890TPA1299', '24002001', '000148191338570', 'C/J CESPEDES', 'RADIO', NULL, NULL, NULL, '11985647'),
(306, 'MTP850', '890TPA0721', '4318199', '000148191332780', 'MINEC-5', 'RADIO', NULL, NULL, NULL, '17799255'),
(307, 'MTP850', '890TPA1678', '1402193', '000148191341880', 'MINEC-4', 'RADIO', NULL, NULL, NULL, '17799255'),
(308, 'MTP850', '890TPA0793', '1407012', '000148191339490', 'MINEC-3', 'RADIO', NULL, NULL, NULL, '17799255'),
(309, 'MTP850', '890TPA1392', '4350108', '000148191339490', 'MINEC-2', 'RADIO', 'PORTATIL', NULL, 'USADO', '17799255'),
(310, 'MTP850', '890TPA0516', '4320594', '000148191330710', 'MINEC-1', 'RADIO', 'PORTATIL', 'B171:01226', 'USADO', '17799255'),
(311, 'MTP850', '890TPA1376', '6543009', '0001481913393400', 'CP-009', 'RADIO', 'PORTATIL', 'B171:01568', 'USADO', '12571532'),
(312, 'MTP850', '890TPA1438', '6543030', '0001481913399600', 'CP-030', 'RADIO', 'PORTATIL', 'B171:01598', 'USADO', '13560124'),
(313, 'MTP850', '890TPA0950', '2200060', '000148191335090', 'ARAGUA 5', 'RADIO', 'PORTATIL', 'B171:01431', 'NUEVO', '5223868'),
(314, 'MTP850', '890TPA0396', '1402120', '0001481913294800', 'I/J APONTE Z', 'RADIO', 'PORTATIL', NULL, 'USADO', '9671789'),
(315, 'MTP850', '890TPA1737', '1405035', '000148191342470', 'P/O CHARAIMA A', 'RADIO', 'PORTATIL', 'ILEGIBLE', 'USADO', '17569072'),
(316, 'MTP850', '890TPA0176', '1402111', '000148191326870', 'O/CORDERO', 'RADIO', NULL, NULL, NULL, '29805064'),
(317, 'MTP850', '890TPA3299', '6543151', '000148191351700', 'I/J DIAZ E', 'RADIO', 'PORTATIL', 'B171:01830', 'USADO', '14665026'),
(318, 'MTP850', '890TPA3763', '2004006', '000148191356340', 'O/J MARQUEZ F', 'RADIO', 'PORTATIL', NULL, 'USADO', '18231607'),
(319, 'MTP850', '890TPA1642', '1406041', '000148191341520', 'UOTE - 01', 'RADIO', 'PORTATIL', NULL, 'USADO', '23644121'),
(320, 'MTP850', '890TPA3301', '1405030', '000148191351710', 'UOTE - 02', 'RADIO', NULL, NULL, NULL, '23644121'),
(321, 'MTP850', '890TPA0839', '2024170', '000148191333970', 'UOTE - 03', 'RADIO', 'PORTATIL', NULL, 'USADO', '23644121'),
(322, 'MTP850', '890TPA1367', '202458', '000148191339250', 'UOTE - 04', 'RADIO', NULL, NULL, NULL, '23644121'),
(323, 'MTP850', '890TPA1986', '202462', '000148191344960', 'UOTE - 05', 'RADIO', 'PORTATIL', NULL, 'USADO', '23644121'),
(324, 'MTP 850', '890TLA8456', '1402064', '000129281854720', 'BOMBEROS', 'RADIO', NULL, NULL, NULL, '17986521'),
(325, 'MTP850', '890TLA8165', '4316091', '000129281851800', 'BOMBEROS', 'RADIO', 'PORTATIL', 'NO POSEE', 'USADO', '17986521'),
(326, 'MTP850', '890TLA8719', '4316082', '000129281861350', 'BOMBEROS', 'RADIO', 'PORTATIL', 'NO POSEE', 'USADO', '17986521'),
(327, 'MTP850', '890TLA0547', '1402137', '000148191331020', 'BOMBEROS', 'RADIO', NULL, NULL, NULL, '17986521'),
(328, 'MTP850', '890TLA8263', '4319013', '000129281852790', 'BOMBEROS', 'RADIO', 'PORTATIL', 'NO POSEE', 'USADO', '17986521'),
(329, 'MTP850', '890TLA8714', '4317061', '000129281861240', 'BOMBEROS', 'RADIO', 'PORTATIL', 'NO POSEE', 'USADO', '17986521'),
(330, 'MTP850', '890TLA8342', '14022119', '000129281853580', 'BOMBEROS', 'RADIO', 'PORTATIL', 'NO POSEE', 'USADO', '17986521'),
(331, 'MTP850', '890TPA0822', '14208022', '000148191333790', 'C/J MENDOZA', 'RADIO', 'PORTATIL', NULL, 'USADO', '7273572'),
(332, 'MTP3550', '121TRM1002', '1404031', '00016B2B0042450', 'SEG/GOB', 'RADIO', 'PORTATIL', NULL, 'USADO', '7273572'),
(333, 'MTP3550', '121TRM1307', '4300093', '00016B2B0043530', 'SEG/GOB', 'RADIO', 'PORTATIL', 'B171:02733', 'USADO', '7273572'),
(334, 'MTP3550', '121TRM1293', '4340191', '00016B2B0043430', 'SEG/GOB', 'RADIO', 'PORTATIL', 'B171:02717', 'USADO', '7273572'),
(335, 'MTP3550', '121TRM1228', '4340094', '00016B2B0042520', 'SEG/GOB', 'RADIO', 'PORTATIL', 'NO POSEE', 'USADO', '7273572'),
(336, 'MTP850', '890TPA3404', '2015007', '000148191352750', 'M-06', 'RADIO', 'PORTATIL', NULL, 'USADO', '9674400'),
(337, 'MTP850', '890TLA8639', '1405031', '000129281859900', 'M-05', 'RADIO', 'PORTATIL', NULL, 'USADO', '9674400'),
(338, 'MTP850', '890TPA0545', '4315151', '000148191330990', 'M-04', 'RADIO', 'PORTATIL', NULL, 'USADO', '9674400'),
(339, 'MTP850', '890TNW3448', '4320511', '000148191299780', 'M-03', 'RADIO', 'PORTATIL', 'B171:01079', 'USADO', '9674400'),
(340, 'MTP850', '890TPA0716', '6543072', '000148191332730', 'M-02', 'RADIO', 'PORTATIL', 'B171:01321', 'USADO', '9674400'),
(341, 'MTP850', '890TPA3996', '4316131', '000148191358670', 'M-01', 'RADIO', NULL, NULL, NULL, '9674400'),
(342, 'MTP850', '890TPA0255', '1402158', '000148191328070', 'P/C HEREDIA', 'RADIO', NULL, NULL, NULL, '9653629'),
(343, 'MTP850', '890TPA3848', '654094', '000148191357190', 'CP -094', 'RADIO', 'PORTATIL', 'B171:02151', 'USADO', '8513621'),
(344, 'MTP850', '890TPA1384', '4320405', '000148191339420', 'P.C.F.L.A-6', 'RADIO', 'PORTATIL', NULL, 'USADO', '19207093'),
(345, 'MTP850', '890TPA3694', '4320400', '000148191355650', 'P.C.F.L.A-3', 'RADIO', 'PORTATIL', NULL, 'USADO', '19207093'),
(346, 'MTP850', '890TPA2968', '4320447', '000148191348380', 'P.C.F.L.A-4', 'RADIO', 'PORTATIL', NULL, 'USADO', '19207093'),
(347, 'MTP850', '890TPA3432', '4320402', '000148191353020', 'P.C.F.L.A-5', 'RADIO', 'PORTATIL', NULL, 'USADO', '19207093'),
(348, 'MTP850', '890TPA0350', '4320433', '000148191329040', 'P.C.F.L.A-1', 'RADIO', 'PORTATIL', NULL, 'USADO', '19207093'),
(349, 'MTP850', '890TPA2958', '4320410', '000148191348280', 'P.C.F.L.A-2', 'RADIO', 'PORTATIL', NULL, 'USADO', '19207093');

-- --------------------------------------------------------

--
-- Estructura de tabla para la tabla `personas`
--

CREATE TABLE `personas` (
  `id_personas` int(11) NOT NULL,
  `nombres` varchar(100) DEFAULT NULL,
  `apellidos` varchar(100) DEFAULT NULL,
  `cedula` varchar(20) NOT NULL,
  `ente` varchar(100) DEFAULT NULL,
  `contacto` varchar(50) DEFAULT NULL,
  `entrega` date DEFAULT NULL,
  `id_equipos` int(11) DEFAULT NULL
) ENGINE=InnoDB DEFAULT CHARSET=utf8mb4 COLLATE=utf8mb4_spanish_ci;

--
-- Volcado de datos para la tabla `personas`
--

INSERT INTO `personas` (`id_personas`, `nombres`, `apellidos`, `cedula`, `ente`, `contacto`, `entrega`, `id_equipos`) VALUES
(1, 'JOHNNY JOSE', 'NIEVES CASTILLO', '9673497', 'PBA', '0424-3470630', '2024-09-05', NULL),
(2, 'LEGNA JOHANA', 'CORONADO GUTIERREZ', '15489580', 'VEN 911', '0416-6105317', '2024-09-05', NULL),
(3, 'OSCAR  A', 'ACERO', '12566755', 'PBA', '0412-6723566', '2024-10-16', NULL),
(4, 'WONDER', 'GUTIERREZ', '9666426', 'PBA', '0424-3422694', '2024-10-17', NULL),
(5, 'CARMEN CECILIA', 'LEON GONZALEZ', '13357348', 'PBA', '0424-3045087', '2024-10-17', NULL),
(6, 'NELSON DE JESUS', 'MENDOZA MILANO', '17367827', 'PBA SUCRE', '0412-8513680', '2024-11-06', NULL),
(7, 'GINA GIOCONDA', 'GUERRA PEREZ', '9674100', 'CRAMA', '0424-3037697', '2024-11-07', NULL),
(8, 'HUGO CESAR', 'GUTIERREZ LAMMOGLIA', '9697897', 'PC ARAGUA', '0414-4789271', '2024-11-07', NULL),
(9, 'YUMELVY MAZELLI', 'PEÑALVER', '12567709', 'PBA', '0424-3583270', '2024-11-07', NULL),
(10, 'ANIBAL ALBERTO', 'LOPEZ AREVALO', '16899541', 'PM SUCRE', '0412-4581846', '2024-11-07', NULL),
(11, 'RENNY RAMON', 'CASTILLO ZAPATA', '17571549', 'GNB', '0424-2697510', '2024-11-11', NULL),
(12, 'DOUGLAS LEONEL', 'OLIVO APARICIO', '13812312', 'PBA', '0412-8902666', '2024-11-11', NULL),
(13, 'YVAN JOSE', 'RIERA GOLLARZA', '10753117', 'PBA', '0412-4692767', '2024-11-04', NULL),
(14, 'ANDRES', 'ADALFIO', '11121061', 'PBA', '0412-4395494', '2024-10-23', NULL),
(15, 'ROGER ANTONIO', 'JIMENEZ IZQUIEL', '14959752', 'PBA', '0412-4466419', '2024-10-24', NULL),
(16, 'RONALD', 'HERNANDEZ', '13779800', 'PBA', '0412-8449480', '2024-10-28', NULL),
(17, 'ALEXANDER', 'NADALES', '12144049', 'PBA', '0412-8870418', '2024-10-25', NULL),
(18, 'WILMER', 'RODRIGUEZ', '10758788', 'PBA', '0412-8903892', '2024-10-25', NULL),
(19, 'FELICIA', 'RUMBOL', '12340408', 'PBA', '0414-4611999', '2024-10-24', NULL),
(20, 'JUAN ENRIQUE', 'PARRA CUICAS', '13626412', 'PBA', '0412-4172327', '2024-11-01', NULL),
(21, 'YATZELLI DEL VALLE', 'BRICEÑO LADINO', '10516633', 'PBA', '0412-4083782', '2024-10-30', NULL),
(22, 'LUIS RAMON', 'CESPEDES GONZALEZ', '11985647', 'PBA', '0412-8739233', '2024-10-22', NULL),
(23, 'PEDRO JOSE', 'OLIVOS CUNEMO', '11052470', 'BOMBEROS', '0414-4903701', '2024-04-04', NULL),
(24, 'RAUL ROBERTO', 'PARRA SANCHEZ', '7115735', 'PBA', '0416-5194178', '2024-10-31', NULL),
(25, 'JOHAN', 'SOSA', '16130988', 'PBA', '0412-779530', '2025-01-23', NULL),
(26, 'JEFFERSON', 'BRICEÑO ', '22444816', 'PNB', '4241851498', '2025-02-04', NULL),
(27, 'LINYA YORLI', 'BRICEÑO TABLANTE', '17986521', 'BOMBEROS', '0424-3657153', '2025-02-19', NULL),
(28, 'MARLON JOSUE', 'MARLON PARADA', '6879346', 'SECRETARIA', NULL, '2025-02-24', NULL),
(29, 'JESUS ANTONIO', 'ALVIAREZ SANCJEZ', '13019774', 'PBA', '0412-3454337', '2025-02-24', NULL),
(30, 'EDGAR', 'BLANCO', '15490437', 'PC SUCRE', '4120353653', '2025-03-21', NULL),
(31, 'EUCARIS JOSEFINA', 'PALENCIA RIBAS', '19207093', 'PC FLA', '4125060087', '2025-04-25', NULL),
(32, 'DILIO', 'BRACHO', '13,870,523', 'POLICIA COMUNAL', '0412-5006415', '2024-10-04', NULL),
(33, 'YOLEIDA ', 'REYES', '12,480,132', 'POLICIA COMUNAL', '0412-9405268', '2024-10-04', NULL),
(34, 'LEONARDO', 'GIGALDI', '13747982', 'POLICIA COMUNAL', '0424-3298707', '2024-10-04', NULL),
(35, 'RENE', 'AVILA ALVARO', '11984732', 'POLICIA MUNICIPAL ', '0424-3663763', '2024-10-15', NULL),
(36, 'LUIS ANTONIO', 'LINARES SALOM', '19110093', 'POLICIA MUNICIPAL ', '0424-3663663', '2024-10-15', NULL),
(37, 'ANDRES R', 'FERNANDEZ R', '10691789', 'PBA', '0412-4916879', '2024-10-16', NULL),
(38, 'ASDRUBAL R', 'LINERO T', '9670263', 'PBA', '0412-5062712', '2024-10-18', NULL),
(39, 'A.', 'SAEZ', '7977209', 'PBA', '0412-5057106', '2024-10-31', NULL),
(40, 'LUIS ENRIQUE', 'AVILA PANDARE', '10342956', NULL, NULL, '2024-10-31', NULL),
(41, 'RUBEN JOSE', 'ROJAS MALPICA', '13701661', 'PM ALCANTARA', '0412-4522511', '2024-11-12', NULL),
(42, 'ALEXANDER JAVIER', 'NADALES ROMERO', '12144048', 'PBA', '0412-8980533', '2024-11-12', NULL),
(43, 'RAUL OSWALDO', 'BELLAIS LETRA', '10673187', 'PBA', '0412*1402885', '2024-11-12', NULL),
(44, 'NOLASCO JOSE', 'RODRIGUEZ GONZALEZ', '15710526', 'PM J.F.R', '0424-3140401', '2024-11-12', NULL),
(45, 'ALEXIS ARGENIS', 'AGUIRRE ARIAS', '11977083', 'PM SUCRE', '0412-8478994', '2024-11-12', NULL),
(46, 'ARQUIMEDES', 'CAMACHO PEÑALOZA', '10191456', 'PNB', '0426-3335476', '2024-11-12', NULL),
(47, 'ANA', 'RONDON', 'NULL', 'UNES', NULL, '2024-11-12', NULL),
(48, 'KLEIVER', 'NORUEGA MORENO', '15818000', 'PBA', '0412-0442301', '2024-11-12', NULL),
(49, 'JESUSU ALEXANDER', 'AGUIRRE GARCIA', '13019944', 'PM MARIÑO', '4125989481', '2024-11-12', NULL),
(50, 'JESUS ENGERBER', 'PEREZ ESCOBAR', '23801544', 'PM GIRARDOT', NULL, '2024-11-15', NULL),
(51, 'MILAGROS DEL VALLE', 'GARCIA HERNANDEZ', '15739399', 'PM GIRARDOT', NULL, '2024-11-15', NULL),
(52, 'WILLIAMS ANTONY ', 'RIVAS PANTOJA ', '18977877', 'PM GIRARDOT', NULL, '2024-11-15', NULL),
(53, 'MARIO ORLANDO', 'REALES CORRO', '19,108,501', 'PNB', '0414-9026520', '2024-11-14', NULL),
(54, 'JOSE ALEJANDRO', 'RODRIGUEZ VILORIA', '19132136', 'PM F.L.A', '0424-3366198', '2024-11-14', NULL),
(55, 'ALEXANDER JAVIER', 'CARUAJULCA DE LA O', '20109955', 'PM F.L.A', '0412-3493995', '2024-11-14', NULL),
(56, 'JOHAN OMAR', 'MIRASTRIAS VARGAS', '25314035', 'PM F.L.A', '0424-3067926', '2024-11-14', NULL),
(57, 'YORDUIN ALFREDO', 'GARCÍA PADILLA', '25364268', 'PM J.F.R', '0412-6762235', '2024-11-20', NULL),
(58, 'JORGE L', 'MORALES V', '19595523', 'PM J.F.R', '0412-0309879', '2024-11-20', NULL),
(59, 'JOSÉ A', 'VALERA P.', '19466265', 'PM J.F.R', '0416-9777804', '2024-11-20', NULL),
(60, 'FREDDY L', 'TORREALBA M', '14389128', 'PM J.F.R', '0412-4396462', '2024-11-20', NULL),
(61, 'GREGORY EMILIO', 'CUEVA MEDINA', '13672114', 'PM MARIÑO', '0424-3718857', '2024-11-15', NULL),
(62, 'EUCLIDES ROLANDO', 'ARELLANO ROSALES', '16280473', 'PM MARIÑO', '0424-3636552', '2024-11-15', NULL),
(63, 'JHONY ALBERTO', 'VERAZA MARTINEZ', '17366542', 'PM MARIÑO', '0424-3091581', '2024-11-15', NULL),
(64, 'ALI GABRIEL', 'LOMBANO MENDEZ', '14192508', 'PM MARIÑO', '0412-8976326', '2024-11-15', NULL),
(65, 'ARNOLDO JOSE', 'CONTRERAS RODRIGUEZ', '19004296', 'PM MARIÑO', '0424-3471688', '2024-11-15', NULL),
(66, 'JOEL JOSUE', 'AGUILAR PADILLA', '18144610', 'PM SUCRE', '0424-1233825', '2024-11-14', NULL),
(67, 'KERVINR', 'GONZALEZ R', '20453927', 'PM SUCRE', '0412-0286026', '2024-11-14', NULL),
(68, 'WILFREDO J', 'GOMEZ R.', '20781488', 'PM SUCRE', '0416-6105151', '2024-11-14', NULL),
(69, 'ZULEIMA DEL CARMEN', 'MONTENEGRO LEDEZMA', '9,656,714', 'PBA', '0414-5983409', '2024-11-14', NULL),
(70, 'ERICK JEANDRE', 'MOSCOSO GALINDE', '20,450,642', 'PNB', '0412-8018999', '2024-11-14', NULL),
(71, 'KRISTIAN ALEXANDER', 'ARIAS VASQUEZ', '29581487', 'PM SUCRE', '0414-2649396', '2024-11-14', NULL),
(72, 'CLAUDIA ZUNILDE', 'ESCALANTE ZAMORA', '11979155', 'PBA', '0412-1421414', '2024-11-14', NULL),
(73, 'CARMEN CECILIA', 'LEON GONZALEZ', '13,357,348', 'PNB', '0424-3045087', '2024-11-14', NULL),
(74, 'SOLORZANO PACHECO', 'CASTULO RAFAEL', '21279306', 'GNB', '0412-4306268', '2024-11-14', NULL),
(75, 'VARGAS G', 'WINDER J', '20650235', 'GNB', '0412-4576669', '2024-11-14', NULL),
(76, 'YANNY YONIEL', 'URBINA ANDARA', '14928333', 'PNB', '0414-1165574', '2024-11-14', NULL),
(77, 'NAGUA OCHOA', 'LUIS ÁNGEL JESUS', '18977496', 'GNB', '0412-4081774', '2024-11-14', NULL),
(78, 'CARLOS J', 'PARRA R', '17248237', 'GNB', '0414-5817867', '2024-11-14', NULL),
(79, 'RUBERT A', 'GARCÍA E', '25477453', 'GNB', '0412-9673439', '2024-11-14', NULL),
(80, 'JOSÉ G', 'RIVERO R', '22262989', 'GNB', '0412-8981882', '2024-11-14', NULL),
(81, 'LEOMAR JOSE', 'WEFFER SANCHEZ', '29772156', 'PNB', '0412-0779721', '2024-11-14', NULL),
(82, 'DANIVETH CAROLINA', 'BASTIDAS PAYEN', '20127203', 'PNB', NULL, '2024-11-13', NULL),
(83, 'DELWIN DANIEL', 'ZAMORA SALAS', '22527370', 'PNB', NULL, '2024-11-13', NULL),
(84, 'BENJAMIN PASTOR', 'RODRIGUEZ GIL', '16129676', 'PNB', NULL, '2024-11-14', NULL),
(85, 'WILMER RAFAEL', 'USECHE TESORO', '13780673', 'PNB', NULL, '2024-11-13', NULL),
(86, 'MARLIANNY YAQUELIN', 'DIAZ TORREALBA', '22698584', 'PNB', NULL, '2024-11-13', NULL),
(87, 'MARIA JOSE', 'LOPEZ COLINA', '20110734', 'PNB', NULL, NULL, NULL),
(88, 'JACINTO RAMON', 'PEÑA REYES', '24815691', 'PNB', NULL, '0000-00-00', NULL),
(89, 'JORMAN ALEXANDER', 'MACHIN RIERA', '6.08.321', NULL, NULL, NULL, NULL),
(90, 'JOSE RAMON', 'ABAD TOVAR', '26302449', NULL, NULL, NULL, NULL),
(91, 'SINAI SIDARTHA', 'QUERELES CORVO', '18638980', NULL, NULL, NULL, NULL),
(92, 'JUAN', 'GONZALEZ', '14339083', 'PNB', '0424-3679589', '2024-11-14', NULL),
(93, 'FRANYER RANSSES', 'PEREZ ALVAREZ', '22955178', 'PNB', '0426-3317070', '2024-11-14', NULL),
(94, 'YOHANAYANITZIE DESIREE', 'ORTIZ ROMERO', '1855222', 'CUERPO POLICIA NACIONAL BOLIVARIANA', NULL, NULL, NULL),
(95, 'NAZARETH ROUSTHBELLY', 'MORALES NAREA', '30144838', 'PNB', NULL, '2024-11-14', NULL),
(96, 'JOSMARI YAQUELIN', 'CISNERO OLIVO', '23413404', 'PNB', NULL, '2024-11-14', NULL),
(97, 'ROSENDO JAVIER', 'ARENAS AGUILAR', '16040411', 'PNB', '0412-0392476', '2024-11-14', NULL),
(98, 'CLEIVER GERMAN', 'VILLAROEL FREITES', '22289241', 'CUERPO POLICIA NACIONAL BOLIVARIANA', NULL, NULL, NULL),
(99, 'HENRY ALFONZO', 'APONTE LEAL', '11181616', 'PBA', NULL, NULL, NULL),
(100, 'RAUL ANTONIO', 'TORRES FLORES', '15991516', 'CUERPO POLICIA NACIONAL BOLIVARIANA', NULL, NULL, NULL),
(101, 'GABRIEL RUBEN', 'SEVILLA PERAZA', '20,757,390', 'PNB', '0426-2219936', '2024-11-14', NULL),
(102, 'CESAR OCTAVIO', 'CORDOVA VILORIA', '19175008', NULL, NULL, NULL, NULL),
(103, 'CARLOS', 'PAZ', '17367612', '0412-4407114', NULL, NULL, NULL),
(104, 'YIMMY', 'SOLORZANO', '13779368', '0412-8892307', NULL, NULL, NULL),
(105, 'WLADIMIR', 'TELEZ', '15497763', '0412-0230314', NULL, NULL, NULL),
(106, 'WILMER', 'MAYORA', '12571532', '0412-5020566', NULL, NULL, NULL),
(107, 'EDDY NOEL', 'ZAPATA SILVA', '16734284', 'PBA', NULL, '2024-11-18', NULL),
(108, 'FROILAN', 'BRICEÑO', '11129982', '0412-4399327', NULL, NULL, NULL),
(109, 'LUIS', 'PONCE', '9916424', '0412-8978080', NULL, NULL, NULL),
(110, 'MOISES', 'GONZALEZ MORENO', '9689571', 'PBA', '0412-8923176', '2024-11-18', NULL),
(111, 'MARCOS', 'LEDEZMA', '9661550', '0412-0284964', NULL, NULL, NULL),
(112, 'LEOBARDO', 'DÍAZ', '11938648', '0412-9673339,', NULL, NULL, NULL),
(113, 'ÁNGEL', 'PANTOJA', '9883998', '0424-3387470', NULL, NULL, NULL),
(114, 'DOUGLAS', 'TABARES', '15037599', '0412-9762498', NULL, NULL, NULL),
(115, 'PEDRO JUAN', 'MALDONADO MARTINEZ', '14741895', 'PBA', '0412-1354979', '2024-11-19', NULL),
(116, 'EDWIN JAIR', 'BUITRIAGO VARELA', '14861273', 'PBA', '0414-4349994', '2024-11-19', NULL),
(117, 'FELIX JOSE', 'MUJICA CASTILLO', '12403989', 'PBA', '0412-4089164', '2024-11-19', NULL),
(118, 'JOHAN', 'PEREZ', '14830142', '0412-6844289', NULL, NULL, NULL),
(119, 'RAMÓN', 'SUMOZA', '15738618', '0412-7840455', NULL, NULL, NULL),
(120, 'ENZO', 'ALVARADO', '13518678', '0424-3250729', NULL, NULL, NULL),
(121, 'JORGE', 'GONZALEZ', '10365638', '0412-0286395', NULL, NULL, NULL),
(122, 'WILLIAMS', 'MUÑOZ', '15506421', '0412-4742574', NULL, NULL, NULL),
(123, 'CARLOS', 'CAMPOS', '16099479', '0412-5398334', NULL, NULL, NULL),
(124, 'CARLOS', 'SANCHEZ', '12338706', '0426-9315501', NULL, NULL, NULL),
(125, 'JUAN CARLOS', 'SEGOVIA ROPERO', '14860747', 'PBA', '0426-3661493', '2024-11-19', NULL),
(126, 'ARGENIS ANTONIO', 'REYES PAREDES', '15962698', 'PBA', NULL, '2024-11-19', NULL),
(127, 'CARLOS', 'MUJICA', '12168634', '0412-4350491', NULL, NULL, NULL),
(128, 'RENE ANDERSON', 'LIRA THOMAS', '16865105', 'PBA', '0424-3391612', '2024-11-15', NULL),
(129, 'JOSÉ', 'OSORIO', '9672376', '0412-4327440', NULL, NULL, NULL),
(130, 'ESTEFANIA DAYANA', 'NUÑEZ RAMIREZ', '20895371', 'PBA', '0416-9442452', '2024-11-15', NULL),
(131, 'DEIVYS', 'MOLINA', '13356296', '0426-7326979', NULL, NULL, NULL),
(132, 'JUAN VICENTE', 'LOPEZ FREITES', '14033878', 'PBA', '0412-5385235', '2024-11-15', NULL),
(133, 'YELIS', 'REYES', '12583374', '0416-6104921', NULL, NULL, NULL),
(134, 'LIONER', 'PALENCIA', '9670326', '0412-9206816', NULL, NULL, NULL),
(135, 'VÍCTOR', 'SUAREZ', '5884436', '0412-0411121', NULL, NULL, NULL),
(136, 'FRANCISCO', 'LUGO', '13502403', '0424-3481135', NULL, NULL, NULL),
(137, 'JUAN', 'CHIRINOS', '8513621', '0412-4314617', NULL, '0000-00-00', NULL),
(138, 'GABRIEL', 'OLIVO', '15166996', '0412-4654480,', NULL, NULL, NULL),
(139, 'JAVIER LENRRY', 'REQUENA BLANCO', '9902090', 'PBA', '0412-7589241', '2024-11-18', NULL),
(140, 'GREGORY', 'RODRIGUEZ', '14209385', '0412-4804116', NULL, NULL, NULL),
(141, 'ROBERT YORFRAN', 'JIMENEZ IZQUIEL', '13908316', 'PBA', '0412-4861669', '2024-11-18', NULL),
(142, 'JOSE', 'CORDOVA', '133556619', '0412-1335435', NULL, NULL, NULL),
(143, 'MANUEL ALBERTO', 'FLORES LLORENTE', '13518858', 'PBA', '0412-7425547', '2024-11-18', NULL),
(144, 'MANUAL', 'ALDANA', '13869939', '0424-3175872', NULL, NULL, NULL),
(145, 'BEIDYS', 'ISQUIEL', '15735987', '0412-4667402', NULL, NULL, NULL),
(146, 'CARLOS', 'MEJÍAS', '12995649', '0414-4938090', NULL, NULL, NULL),
(147, 'RAÚL', 'RIOBUENO', '9654146', '0412-4470328', NULL, NULL, NULL),
(148, 'FELPIE', 'FLORES', '14191789', '0424-3731543', NULL, NULL, NULL),
(149, 'MARCOS', 'GUANIPA', '10318782', '0424-3513895', NULL, NULL, NULL),
(150, 'WILFREDO', 'SILVA', '11756539', '0424-3145261', NULL, NULL, NULL),
(151, 'JOSMAR ', 'PUERTA', '20694942', '0412-4546207', NULL, '2024-11-21', NULL),
(152, 'PEDRO', 'RODRÍGUEZ', '7129557', '0414-4962180', NULL, NULL, NULL),
(153, 'ROGER', 'FERRER', '13205347', '0412-4421443', NULL, NULL, NULL),
(154, 'LUIS ALBERTO', 'MONTES AGUILERA ', '17576322', '0412-1810532', NULL, '2024-11-18', NULL),
(155, 'RUBEN DARIO', 'FLORES CUATROCIOCHIK', '14437683', NULL, NULL, '2024-11-18', NULL),
(156, 'RENE', 'ALVARO AVILA', '11948732', 'POLICIA MUNICIPAL GIRARDOT', '0424-3663863', '2024-08-13', NULL),
(157, 'JORMAN ALEXANDER', 'MACHIN RIERA', '6608321', 'CUERPO POLICIA NACIONAL BOLIVARIANA', NULL, NULL, NULL),
(158, 'JORGELIS DANIELA', 'PEREZ DUQUE', '17701415', 'CUERPO POLICIA NACIONAL BOLIVARIANA', '0424-3011833', '2024-11-14', NULL),
(159, 'LEANDRO DARIO', 'RODRIGUEZ PEREZ', '14860126', 'CUERPO POLICIA NACIONAL BOLIVARIANA', '0412-4249938', '2024-11-13', NULL),
(160, 'EDWARD ALBERTO', 'JIMENEZ HERRERA', '14261976', 'ALAS', '0412-494554', '2024-11-18', NULL),
(161, 'JULIO JOSE', 'CALZADILLA GUILLEN', '18851526', 'ALAS', '0412-5064148', '2024-11-18', NULL),
(162, 'FRANK', 'RAMIREZ', '11991415', 'PBA', '04126-761131', '2024-11-18', NULL),
(163, 'PHILIP RAMON', 'ROJAS SALMERON', '13721106', 'PBA', '0414-4640581', '2024-11-13', NULL),
(164, 'YOSVET MADELAIME', 'ZAPATA PEREZ', '13664042', 'PBA', '0412-4523626', '2024-11-18', NULL),
(165, 'NERIO JAVIER', 'APARICIO ANDRADE', '9697772', 'PBA', '0412-4405838', '2024-11-18', NULL),
(166, 'HENRY MORENO', 'PEREZ GONZALEZ', '10802278', 'PBA', '0412-4623081', '2024-11-18', NULL),
(167, 'CARLOS ARGENIS', 'CHACON MEDINA', '10455060', 'PBA', '0412-4558700', '2024-11-18', NULL),
(168, 'JOSE FRANCISCO', 'JIMENEZ PANGOLA', '13614190', 'PBA', '0412-8831103', '2024-11-18', NULL),
(169, 'LENIN DUBINES', 'FERNANDEZ COLINA', '12728503', 'PBA', '0412-8434040', '2024-11-19', NULL),
(170, 'ERWUIN ANDRES ', 'ADALFIO', '11021061', 'PBA', '0412-4395494', '2025-01-22', NULL),
(171, 'JULIO CESAR ', 'CALDERON VARGAS', '14038168', 'PBA', '0412-8991896', '2024-01-22', NULL),
(172, 'ELI BEATRIZ', 'MARTINEZ CARUCI', '12121727', 'PBA', '0412-4000429', '2025-01-22', NULL),
(173, 'MAS JOSE', 'DAMIAN', '9656418', 'PBA', '0412-4083782', '2025-01-22', NULL),
(174, 'RIVIC JOSE ', 'MACHADO NACERO', '9687701', 'PBA', '0412-8975953', '2025-01-22', NULL),
(175, 'HENRY MAURICIO ', 'PEREZ', '17367869', 'CRAMA', '0424-3734248', '2025-01-22', NULL),
(176, 'YASMIN ELENA', 'MENDOZA CAMACHO', '14296431', 'PBA', '0426-4080029', '2025-01-22', NULL),
(177, 'CARLOS JOSE', 'PACHECO ROCERO', '16851274', 'PBA', '0412-4621395', '2025-01-22', NULL),
(178, 'JULIO JOSE', 'MALDONADO DIAZ', '7256813', 'PBA', '0414-3451787', '2025-01-22', NULL),
(179, 'VICTOR ALEXIS', 'LORETO', '12032366', 'PBA', '0412-6761131', '2025-01-22', NULL),
(180, 'JOSE GREGORIO', 'OLAIZOLA BARRIOS', '11983597', 'PBA', '0424-3532666', '2025-01-22', NULL),
(181, 'SAUL', 'SAUL', '20110891', 'ARAGUA 8', NULL, '2024-11-29', NULL),
(182, 'DIBENEDETI', 'DIBENEDETI', '17799255', 'ARAGUA 8', NULL, '2024-11-20', NULL),
(183, 'GIUSEPPE RAFFAEL', 'BALBI VINGELLI', '15734106', 'PROCURADOR', NULL, NULL, NULL),
(184, 'CARLOS EDUARDO', 'FLORES', '12809554', 'PBA', '0412-8257484', '2024-12-09', NULL),
(185, 'ANDERSON ', 'BARRIOS', '17470206', 'PBA', '0414-4596206', '2024-11-15', NULL),
(186, 'ELVIS ', 'CEDEÑO', '13270122', 'SECRETARIO SECTORIAL PARA LAS COMUNICACIONES', NULL, '2024-07-26', NULL),
(187, 'RAMON ALEXANDER', 'CONTRERAS SUMOZA', '15798618', 'IPBA', '0412-7840455', '2024-11-19', NULL),
(188, 'JOSE MANUEL', 'CORTEZ PEREZ', '11547058', 'CPNB', NULL, '2024-11-13', NULL),
(189, 'CARLOS ALBERTO', 'DIAZ COLMENARES', '9664678', 'PBA', '0412-8971633', '2024-11-19', NULL),
(190, 'NEYER YOLMAR', 'ROJAS DIAZ', '9650734', 'PBA', '0424-3522229', '2024-11-19', NULL),
(191, 'SINAMAICA YAKARIYENE', 'NUÑEZ RINCON', '18163154', 'GNB', '0424-3432256', '2024-11-19', NULL),
(192, 'VICTOR RUY', 'SIMOES BELEIRA', '9664747', 'IPBA', '0412-7580184', '2024-10-23', NULL),
(193, 'YOHANAYANITZIE DESIREE', 'ORTIZ ROMERO', '18552222', 'CPNB', NULL, '2024-11-13', NULL),
(194, 'CUSTODIO', 'HERRERA', '9913318', 'PBA', '0412-494012', '2025-01-15', NULL),
(195, 'JAIRO JOSE', 'RAMIREZ TOVAR', '13560124', 'CPNB', '0412-3477613', '2024-11-21', NULL),
(196, 'BASTIDAS', 'BASTIDAS PAYEN', '5223868', 'SDTA', NULL, '2024-11-29', NULL),
(197, 'ZEIN', 'APONTE LEAL', '9671789', 'PBA', '0414-447137', '2024-10-04', NULL),
(198, 'ADELSON JAVIER', 'CHARAIMA FLORES', '17569072', 'PBA', NULL, '2024-11-28', NULL),
(199, 'EUDRIS JAKFAR', 'CORDERO MARQUEZ', '29805064', 'PBA', NULL, '2024-11-28', NULL),
(200, 'EMILIO', 'DIAZ SOLORZANO', '14665026', 'PBA', NULL, '2024-11-28', NULL),
(201, 'FREY LUIS', 'PIÑA MARQUEZ', '18231607', 'PBA', NULL, '2024-11-28', NULL),
(202, 'LEO ', 'PARADA', '23644121', 'PNB', '0412-5930294', '2025-02-03', NULL),
(203, 'FEDERICO JOSE', 'MENDOZA VELASQUEZ', '7273572', 'PBA', '0414-4924357', '2025-02-27', NULL),
(204, 'GINA GICONDA', 'GUERRA PEREZ', '9674400', 'CRAMA', '4243037697', '2025-02-28', NULL),
(205, 'HEREDIA', 'CHIRINOS', '9653629', 'PBA', '0412-4407159', '2025-02-28', NULL);

--
-- Índices para tablas volcadas
--

--
-- Indices de la tabla `accesorios`
--
ALTER TABLE `accesorios`
  ADD PRIMARY KEY (`id_accesorios`),
  ADD KEY `fk_accesorio_equipo` (`id_equipos`);

--
-- Indices de la tabla `equipos`
--
ALTER TABLE `equipos`
  ADD PRIMARY KEY (`id_equipos`),
  ADD KEY `fk_equipo_persona` (`asignado`);

--
-- Indices de la tabla `personas`
--
ALTER TABLE `personas`
  ADD PRIMARY KEY (`id_personas`),
  ADD UNIQUE KEY `cedula` (`cedula`),
  ADD KEY `fk_id_equipos` (`id_equipos`);

--
-- AUTO_INCREMENT de las tablas volcadas
--

--
-- AUTO_INCREMENT de la tabla `accesorios`
--
ALTER TABLE `accesorios`
  MODIFY `id_accesorios` int(11) NOT NULL AUTO_INCREMENT, AUTO_INCREMENT=350;

--
-- AUTO_INCREMENT de la tabla `equipos`
--
ALTER TABLE `equipos`
  MODIFY `id_equipos` int(11) NOT NULL AUTO_INCREMENT, AUTO_INCREMENT=351;

--
-- AUTO_INCREMENT de la tabla `personas`
--
ALTER TABLE `personas`
  MODIFY `id_personas` int(11) NOT NULL AUTO_INCREMENT, AUTO_INCREMENT=210;

--
-- Restricciones para tablas volcadas
--

--
-- Filtros para la tabla `accesorios`
--
ALTER TABLE `accesorios`
  ADD CONSTRAINT `fk_accesorio_equipo` FOREIGN KEY (`id_equipos`) REFERENCES `equipos` (`id_equipos`) ON DELETE SET NULL ON UPDATE CASCADE;

--
-- Filtros para la tabla `equipos`
--
ALTER TABLE `equipos`
  ADD CONSTRAINT `fk_equipo_persona` FOREIGN KEY (`asignado`) REFERENCES `personas` (`cedula`) ON DELETE SET NULL ON UPDATE CASCADE;

--
-- Filtros para la tabla `personas`
--
ALTER TABLE `personas`
  ADD CONSTRAINT `fk_id_equipos` FOREIGN KEY (`id_equipos`) REFERENCES `equipos` (`id_equipos`);
COMMIT;

/*!40101 SET CHARACTER_SET_CLIENT=@OLD_CHARACTER_SET_CLIENT */;
/*!40101 SET CHARACTER_SET_RESULTS=@OLD_CHARACTER_SET_RESULTS */;
/*!40101 SET COLLATION_CONNECTION=@OLD_COLLATION_CONNECTION */;
